[
  {
    "id": 1,
    "userId": 1,
    "type": "crypto",
    "number": "4111956776370092",
    "expiry": "10/28",
    "cvv": "939",
    "balance": "0.00",
    "btcBalance": "0.00000000",
    "ethBalance": "0.00000000",
    "kichcoinBalance": "0",
    "btcAddress": "1GWzB5z23nWRwz952sfMPvdxDsRTkhWyss",
    "ethAddress": "0x441e217F7C659DFA9C7cf5Cb5D574043b0B865f7",
    "tonAddress": null
  },
  {
    "id": 2,
    "userId": 1,
    "type": "usd",
    "number": "4112217881622650",
    "expiry": "10/28",
    "cvv": "698",
    "balance": "0.00",
    "btcBalance": "0.00000000",
    "ethBalance": "0.00000000",
    "kichcoinBalance": "0",
    "btcAddress": null,
    "ethAddress": null,
    "tonAddress": null
  },
  {
    "id": 3,
    "userId": 1,
    "type": "uah",
    "number": "4113444723959924",
    "expiry": "10/28",
    "cvv": "762",
    "balance": "0.00",
    "btcBalance": "0.00000000",
    "ethBalance": "0.00000000",
    "kichcoinBalance": "0",
    "btcAddress": null,
    "ethAddress": null,
    "tonAddress": null
  }
]