[
  {
    "id": 1,
    "usdToUah": "40.5",
    "btcToUsd": "65000",
    "ethToUsd": "3500",
    "updatedAt": "2025-10-24T13:18:17.399Z"
  },
  {
    "id": 2,
    "usdToUah": "41.892862",
    "btcToUsd": "111268",
    "ethToUsd": "3969.58",
    "updatedAt": "2025-10-24T13:18:45.822Z"
  },
  {
    "id": 3,
    "usdToUah": "40.5",
    "btcToUsd": "65000",
    "ethToUsd": "3500",
    "updatedAt": "2025-10-24T13:18:48.246Z"
  },
  {
    "id": 4,
    "usdToUah": "41.892862",
    "btcToUsd": "111268",
    "ethToUsd": "3969.58",
    "updatedAt": "2025-10-24T13:19:14.888Z"
  },
  {
    "id": 5,
    "usdToUah": "41.892862",
    "btcToUsd": "111289",
    "ethToUsd": "3970.53",
    "updatedAt": "2025-10-24T13:19:50.219Z"
  },
  {
    "id": 6,
    "usdToUah": "40.5",
    "btcToUsd": "65000",
    "ethToUsd": "3500",
    "updatedAt": "2025-10-24T13:19:52.676Z"
  },
  {
    "id": 7,
    "usdToUah": "41.892862",
    "btcToUsd": "111289",
    "ethToUsd": "3970.53",
    "updatedAt": "2025-10-24T13:20:19.605Z"
  },
  {
    "id": 8,
    "usdToUah": "41.892862",
    "btcToUsd": "111289",
    "ethToUsd": "3970.53",
    "updatedAt": "2025-10-24T13:20:50.132Z"
  },
  {
    "id": 9,
    "usdToUah": "40.5",
    "btcToUsd": "65000",
    "ethToUsd": "3500",
    "updatedAt": "2025-10-24T13:20:53.873Z"
  },
  {
    "id": 10,
    "usdToUah": "41.892862",
    "btcToUsd": "111289",
    "ethToUsd": "3970.53",
    "updatedAt": "2025-10-24T13:21:19.604Z"
  },
  {
    "id": 11,
    "usdToUah": "41.892862",
    "btcToUsd": "111289",
    "ethToUsd": "3970.53",
    "updatedAt": "2025-10-24T13:21:49.604Z"
  },
  {
    "id": 12,
    "usdToUah": "41.892862",
    "btcToUsd": "111289",
    "ethToUsd": "3970.53",
    "updatedAt": "2025-10-24T13:22:19.604Z"
  },
  {
    "id": 13,
    "usdToUah": "41.892862",
    "btcToUsd": "111340",
    "ethToUsd": "3973.35",
    "updatedAt": "2025-10-24T13:22:51.244Z"
  },
  {
    "id": 14,
    "usdToUah": "40.5",
    "btcToUsd": "65000",
    "ethToUsd": "3500",
    "updatedAt": "2025-10-24T13:22:53.663Z"
  },
  {
    "id": 15,
    "usdToUah": "41.892862",
    "btcToUsd": "83047",
    "ethToUsd": "1832.66",
    "updatedAt": "2025-10-24T13:23:20.971Z"
  },
  {
    "id": 16,
    "usdToUah": "40.5",
    "btcToUsd": "65000",
    "ethToUsd": "3500",
    "updatedAt": "2025-10-24T13:23:23.805Z"
  },
  {
    "id": 17,
    "usdToUah": "41.892862",
    "btcToUsd": "83047",
    "ethToUsd": "1832.66",
    "updatedAt": "2025-10-24T13:23:50.775Z"
  },
  {
    "id": 18,
    "usdToUah": "41.892862",
    "btcToUsd": "111348",
    "ethToUsd": "3973.71",
    "updatedAt": "2025-10-24T13:24:29.563Z"
  },
  {
    "id": 19,
    "usdToUah": "40.5",
    "btcToUsd": "65000",
    "ethToUsd": "3500",
    "updatedAt": "2025-10-24T13:24:31.993Z"
  },
  {
    "id": 20,
    "usdToUah": "41.892862",
    "btcToUsd": "111348",
    "ethToUsd": "3973.71",
    "updatedAt": "2025-10-24T13:24:59.544Z"
  },
  {
    "id": 21,
    "usdToUah": "40.5",
    "btcToUsd": "65000",
    "ethToUsd": "3500",
    "updatedAt": "2025-10-24T13:25:02.359Z"
  },
  {
    "id": 22,
    "usdToUah": "41.892862",
    "btcToUsd": "111348",
    "ethToUsd": "3973.71",
    "updatedAt": "2025-10-24T13:25:29.332Z"
  },
  {
    "id": 23,
    "usdToUah": "41.892862",
    "btcToUsd": "111368",
    "ethToUsd": "3975.58",
    "updatedAt": "2025-10-24T13:26:15.407Z"
  },
  {
    "id": 24,
    "usdToUah": "40.5",
    "btcToUsd": "65000",
    "ethToUsd": "3500",
    "updatedAt": "2025-10-24T13:26:17.695Z"
  },
  {
    "id": 25,
    "usdToUah": "41.892862",
    "btcToUsd": "83047",
    "ethToUsd": "1832.66",
    "updatedAt": "2025-10-24T13:26:45.314Z"
  },
  {
    "id": 26,
    "usdToUah": "40.5",
    "btcToUsd": "65000",
    "ethToUsd": "3500",
    "updatedAt": "2025-10-24T13:26:49.183Z"
  },
  {
    "id": 27,
    "usdToUah": "41.892862",
    "btcToUsd": "83047",
    "ethToUsd": "1832.66",
    "updatedAt": "2025-10-24T13:27:14.825Z"
  },
  {
    "id": 28,
    "usdToUah": "41.892862",
    "btcToUsd": "83047",
    "ethToUsd": "1832.66",
    "updatedAt": "2025-10-24T13:28:59.016Z"
  },
  {
    "id": 29,
    "usdToUah": "40.5",
    "btcToUsd": "65000",
    "ethToUsd": "3500",
    "updatedAt": "2025-10-24T13:29:06.533Z"
  },
  {
    "id": 30,
    "usdToUah": "41.892862",
    "btcToUsd": "83047",
    "ethToUsd": "1832.66",
    "updatedAt": "2025-10-24T13:29:28.820Z"
  },
  {
    "id": 31,
    "usdToUah": "41.892862",
    "btcToUsd": "83047",
    "ethToUsd": "1832.66",
    "updatedAt": "2025-10-24T13:29:58.820Z"
  },
  {
    "id": 32,
    "usdToUah": "41.892862",
    "btcToUsd": "83047",
    "ethToUsd": "1832.66",
    "updatedAt": "2025-10-24T13:30:28.820Z"
  },
  {
    "id": 33,
    "usdToUah": "41.892862",
    "btcToUsd": "83047",
    "ethToUsd": "1832.66",
    "updatedAt": "2025-10-24T13:30:58.820Z"
  },
  {
    "id": 34,
    "usdToUah": "41.892862",
    "btcToUsd": "83047",
    "ethToUsd": "1832.66",
    "updatedAt": "2025-10-24T13:31:28.820Z"
  },
  {
    "id": 35,
    "usdToUah": "41.892862",
    "btcToUsd": "83047",
    "ethToUsd": "1832.66",
    "updatedAt": "2025-10-24T13:31:58.820Z"
  },
  {
    "id": 36,
    "usdToUah": "41.892862",
    "btcToUsd": "83047",
    "ethToUsd": "1832.66",
    "updatedAt": "2025-10-24T13:32:28.820Z"
  },
  {
    "id": 37,
    "usdToUah": "41.892862",
    "btcToUsd": "83047",
    "ethToUsd": "1832.66",
    "updatedAt": "2025-10-24T13:32:58.820Z"
  },
  {
    "id": 38,
    "usdToUah": "41.892862",
    "btcToUsd": "83047",
    "ethToUsd": "1832.66",
    "updatedAt": "2025-10-24T13:33:28.820Z"
  },
  {
    "id": 39,
    "usdToUah": "41.892862",
    "btcToUsd": "111258",
    "ethToUsd": "3968.35",
    "updatedAt": "2025-10-24T13:34:00.387Z"
  }
]