{
  "users": [
    {
      "id": 1,
      "username": "Frgerrve",
      "password": "/z4)f#u2.4P.weD",
      "is_regulator": false,
      "regulator_balance": "0",
      "last_nft_generation": null,
      "nft_generation_count": 0
    },
    {
      "id": 2,
      "username": "regulator",
      "password": "Regulator123",
      "is_regulator": true,
      "regulator_balance": "9564.46000217",
      "last_nft_generation": null,
      "nft_generation_count": 0
    }
  ],
  "cards": [
    {
      "id": 3,
      "userId": 1,
      "type": "uah",
      "number": "4113444723959924",
      "expiry": "10/28",
      "cvv": "762",
      "balance": "0.00",
      "btcBalance": "0.00000000",
      "ethBalance": "0.00000000",
      "kichcoinBalance": "0",
      "btcAddress": null,
      "ethAddress": null,
      "tonAddress": null
    },
    {
      "id": 6,
      "userId": 2,
      "type": "uah",
      "number": "4113487975507205",
      "expiry": "10/28",
      "cvv": "517",
      "balance": "0.00",
      "btcBalance": "0.00000000",
      "ethBalance": "0.00000000",
      "kichcoinBalance": "0",
      "btcAddress": null,
      "ethAddress": null,
      "tonAddress": null
    },
    {
      "id": 2,
      "userId": 1,
      "type": "usd",
      "number": "4112217881622650",
      "expiry": "10/28",
      "cvv": "698",
      "balance": "111137.00",
      "btcBalance": "0.00000000",
      "ethBalance": "0.00000000",
      "kichcoinBalance": "0",
      "btcAddress": null,
      "ethAddress": null,
      "tonAddress": null
    },
    {
      "id": 1,
      "userId": 1,
      "type": "crypto",
      "number": "4111956776370092",
      "expiry": "10/28",
      "cvv": "939",
      "balance": "9564467.04570",
      "btcBalance": "8598455.57570000",
      "ethBalance": "0.00000000",
      "kichcoinBalance": "0",
      "btcAddress": "1GWzB5z23nWRwz952sfMPvdxDsRTkhWyss",
      "ethAddress": "0x441e217F7C659DFA9C7cf5Cb5D574043b0B865f7",
      "tonAddress": null
    },
    {
      "id": 4,
      "userId": 2,
      "type": "crypto",
      "number": "4111691748414940",
      "expiry": "10/28",
      "cvv": "963",
      "balance": "0.00",
      "btcBalance": "956422.77000000",
      "ethBalance": "0.00000000",
      "kichcoinBalance": "0",
      "btcAddress": "1HzejqNt5F48GwPqdRhqbjCtojdFTwurLW",
      "ethAddress": "0x8Ed2e64FfDa282021ae05C49000780b0a2Ec33F9",
      "tonAddress": null
    },
    {
      "id": 5,
      "userId": 2,
      "type": "usd",
      "number": "4112579166439031",
      "expiry": "10/28",
      "cvv": "917",
      "balance": "2545893.00",
      "btcBalance": "0.00000000",
      "ethBalance": "0.00000000",
      "kichcoinBalance": "0",
      "btcAddress": null,
      "ethAddress": null,
      "tonAddress": null
    }
  ],
  "transactions": [
    {
      "id": 1,
      "fromCardId": 1,
      "toCardId": 2,
      "amount": "1",
      "convertedAmount": "111137",
      "type": "transfer",
      "wallet": null,
      "status": "completed",
      "createdAt": "2025-10-24T13:42:45.743Z",
      "description": "Перевод 1.00000000 CRYPTO → 111137.00 USD (курс: 111137.00)",
      "fromCardNumber": "4111956776370092",
      "toCardNumber": "4112217881622650"
    },
    {
      "id": 2,
      "fromCardId": 1,
      "toCardId": 2,
      "amount": "0.01",
      "convertedAmount": "8.997903488487182e-8",
      "type": "commission",
      "wallet": null,
      "status": "completed",
      "createdAt": "2025-10-24T13:42:46.179Z",
      "description": "Комиссия за перевод (0.00000009 BTC)",
      "fromCardNumber": "4111956776370092",
      "toCardNumber": "REGULATOR"
    },
    {
      "id": 3,
      "fromCardId": 1,
      "toCardId": 4,
      "amount": "956446",
      "convertedAmount": "956446",
      "type": "crypto_transfer",
      "wallet": "1HzejqNt5F48GwPqdRhqbjCtojdFTwurLW",
      "status": "completed",
      "createdAt": "2025-10-24T13:45:48.101Z",
      "description": "Отправка 956446.00000000 BTC на адрес 1HzejqNt5F48GwPqdRhqbjCtojdFTwurLW (внутренний перевод)",
      "fromCardNumber": "4111956776370092",
      "toCardNumber": "4111691748414940"
    },
    {
      "id": 4,
      "fromCardId": 1,
      "toCardId": 2,
      "amount": "9564.460000000001",
      "convertedAmount": "9564.460000000001",
      "type": "commission",
      "wallet": null,
      "status": "completed",
      "createdAt": "2025-10-24T13:45:48.539Z",
      "description": "Комиссия за перевод BTC (9564.46000000 BTC)",
      "fromCardNumber": "4111956776370092",
      "toCardNumber": "REGULATOR"
    },
    {
      "id": 5,
      "fromCardId": 4,
      "toCardId": 5,
      "amount": "23",
      "convertedAmount": "2545893",
      "type": "transfer",
      "wallet": null,
      "status": "completed",
      "createdAt": "2025-10-24T13:51:49.393Z",
      "description": "Перевод 23.00000000 CRYPTO → 2545893.00 USD (курс: 110691.00)",
      "fromCardNumber": "4111691748414940",
      "toCardNumber": "4112579166439031"
    },
    {
      "id": 6,
      "fromCardId": 4,
      "toCardId": 2,
      "amount": "0.23",
      "convertedAmount": "0.0000020778563749537",
      "type": "commission",
      "wallet": null,
      "status": "completed",
      "createdAt": "2025-10-24T13:51:49.830Z",
      "description": "Комиссия за перевод (0.00000208 BTC)",
      "fromCardNumber": "4111691748414940",
      "toCardNumber": "REGULATOR"
    }
  ],
  "rates": [
    {
      "id": 1,
      "usdToUah": "40.5",
      "btcToUsd": "65000",
      "ethToUsd": "3500",
      "updatedAt": "2025-10-24T13:18:17.399Z"
    },
    {
      "id": 2,
      "usdToUah": "41.892862",
      "btcToUsd": "111268",
      "ethToUsd": "3969.58",
      "updatedAt": "2025-10-24T13:18:45.822Z"
    },
    {
      "id": 3,
      "usdToUah": "40.5",
      "btcToUsd": "65000",
      "ethToUsd": "3500",
      "updatedAt": "2025-10-24T13:18:48.246Z"
    },
    {
      "id": 4,
      "usdToUah": "41.892862",
      "btcToUsd": "111268",
      "ethToUsd": "3969.58",
      "updatedAt": "2025-10-24T13:19:14.888Z"
    },
    {
      "id": 5,
      "usdToUah": "41.892862",
      "btcToUsd": "111289",
      "ethToUsd": "3970.53",
      "updatedAt": "2025-10-24T13:19:50.219Z"
    },
    {
      "id": 6,
      "usdToUah": "40.5",
      "btcToUsd": "65000",
      "ethToUsd": "3500",
      "updatedAt": "2025-10-24T13:19:52.676Z"
    },
    {
      "id": 7,
      "usdToUah": "41.892862",
      "btcToUsd": "111289",
      "ethToUsd": "3970.53",
      "updatedAt": "2025-10-24T13:20:19.605Z"
    },
    {
      "id": 8,
      "usdToUah": "41.892862",
      "btcToUsd": "111289",
      "ethToUsd": "3970.53",
      "updatedAt": "2025-10-24T13:20:50.132Z"
    },
    {
      "id": 9,
      "usdToUah": "40.5",
      "btcToUsd": "65000",
      "ethToUsd": "3500",
      "updatedAt": "2025-10-24T13:20:53.873Z"
    },
    {
      "id": 10,
      "usdToUah": "41.892862",
      "btcToUsd": "111289",
      "ethToUsd": "3970.53",
      "updatedAt": "2025-10-24T13:21:19.604Z"
    },
    {
      "id": 11,
      "usdToUah": "41.892862",
      "btcToUsd": "111289",
      "ethToUsd": "3970.53",
      "updatedAt": "2025-10-24T13:21:49.604Z"
    },
    {
      "id": 12,
      "usdToUah": "41.892862",
      "btcToUsd": "111289",
      "ethToUsd": "3970.53",
      "updatedAt": "2025-10-24T13:22:19.604Z"
    },
    {
      "id": 13,
      "usdToUah": "41.892862",
      "btcToUsd": "111340",
      "ethToUsd": "3973.35",
      "updatedAt": "2025-10-24T13:22:51.244Z"
    },
    {
      "id": 14,
      "usdToUah": "40.5",
      "btcToUsd": "65000",
      "ethToUsd": "3500",
      "updatedAt": "2025-10-24T13:22:53.663Z"
    },
    {
      "id": 15,
      "usdToUah": "41.892862",
      "btcToUsd": "83047",
      "ethToUsd": "1832.66",
      "updatedAt": "2025-10-24T13:23:20.971Z"
    },
    {
      "id": 16,
      "usdToUah": "40.5",
      "btcToUsd": "65000",
      "ethToUsd": "3500",
      "updatedAt": "2025-10-24T13:23:23.805Z"
    },
    {
      "id": 17,
      "usdToUah": "41.892862",
      "btcToUsd": "83047",
      "ethToUsd": "1832.66",
      "updatedAt": "2025-10-24T13:23:50.775Z"
    },
    {
      "id": 18,
      "usdToUah": "41.892862",
      "btcToUsd": "111348",
      "ethToUsd": "3973.71",
      "updatedAt": "2025-10-24T13:24:29.563Z"
    },
    {
      "id": 19,
      "usdToUah": "40.5",
      "btcToUsd": "65000",
      "ethToUsd": "3500",
      "updatedAt": "2025-10-24T13:24:31.993Z"
    },
    {
      "id": 20,
      "usdToUah": "41.892862",
      "btcToUsd": "111348",
      "ethToUsd": "3973.71",
      "updatedAt": "2025-10-24T13:24:59.544Z"
    },
    {
      "id": 21,
      "usdToUah": "40.5",
      "btcToUsd": "65000",
      "ethToUsd": "3500",
      "updatedAt": "2025-10-24T13:25:02.359Z"
    },
    {
      "id": 22,
      "usdToUah": "41.892862",
      "btcToUsd": "111348",
      "ethToUsd": "3973.71",
      "updatedAt": "2025-10-24T13:25:29.332Z"
    },
    {
      "id": 23,
      "usdToUah": "41.892862",
      "btcToUsd": "111368",
      "ethToUsd": "3975.58",
      "updatedAt": "2025-10-24T13:26:15.407Z"
    },
    {
      "id": 24,
      "usdToUah": "40.5",
      "btcToUsd": "65000",
      "ethToUsd": "3500",
      "updatedAt": "2025-10-24T13:26:17.695Z"
    },
    {
      "id": 25,
      "usdToUah": "41.892862",
      "btcToUsd": "83047",
      "ethToUsd": "1832.66",
      "updatedAt": "2025-10-24T13:26:45.314Z"
    },
    {
      "id": 26,
      "usdToUah": "40.5",
      "btcToUsd": "65000",
      "ethToUsd": "3500",
      "updatedAt": "2025-10-24T13:26:49.183Z"
    },
    {
      "id": 27,
      "usdToUah": "41.892862",
      "btcToUsd": "83047",
      "ethToUsd": "1832.66",
      "updatedAt": "2025-10-24T13:27:14.825Z"
    },
    {
      "id": 28,
      "usdToUah": "41.892862",
      "btcToUsd": "83047",
      "ethToUsd": "1832.66",
      "updatedAt": "2025-10-24T13:28:59.016Z"
    },
    {
      "id": 29,
      "usdToUah": "40.5",
      "btcToUsd": "65000",
      "ethToUsd": "3500",
      "updatedAt": "2025-10-24T13:29:06.533Z"
    },
    {
      "id": 30,
      "usdToUah": "41.892862",
      "btcToUsd": "83047",
      "ethToUsd": "1832.66",
      "updatedAt": "2025-10-24T13:29:28.820Z"
    },
    {
      "id": 31,
      "usdToUah": "41.892862",
      "btcToUsd": "83047",
      "ethToUsd": "1832.66",
      "updatedAt": "2025-10-24T13:29:58.820Z"
    },
    {
      "id": 32,
      "usdToUah": "41.892862",
      "btcToUsd": "83047",
      "ethToUsd": "1832.66",
      "updatedAt": "2025-10-24T13:30:28.820Z"
    },
    {
      "id": 33,
      "usdToUah": "41.892862",
      "btcToUsd": "83047",
      "ethToUsd": "1832.66",
      "updatedAt": "2025-10-24T13:30:58.820Z"
    },
    {
      "id": 34,
      "usdToUah": "41.892862",
      "btcToUsd": "83047",
      "ethToUsd": "1832.66",
      "updatedAt": "2025-10-24T13:31:28.820Z"
    },
    {
      "id": 35,
      "usdToUah": "41.892862",
      "btcToUsd": "83047",
      "ethToUsd": "1832.66",
      "updatedAt": "2025-10-24T13:31:58.820Z"
    },
    {
      "id": 36,
      "usdToUah": "41.892862",
      "btcToUsd": "83047",
      "ethToUsd": "1832.66",
      "updatedAt": "2025-10-24T13:32:28.820Z"
    },
    {
      "id": 37,
      "usdToUah": "41.892862",
      "btcToUsd": "83047",
      "ethToUsd": "1832.66",
      "updatedAt": "2025-10-24T13:32:58.820Z"
    },
    {
      "id": 38,
      "usdToUah": "41.892862",
      "btcToUsd": "83047",
      "ethToUsd": "1832.66",
      "updatedAt": "2025-10-24T13:33:28.820Z"
    },
    {
      "id": 39,
      "usdToUah": "41.892862",
      "btcToUsd": "111258",
      "ethToUsd": "3968.35",
      "updatedAt": "2025-10-24T13:34:00.387Z"
    },
    {
      "id": 40,
      "usdToUah": "41.892862",
      "btcToUsd": "111258",
      "ethToUsd": "3968.35",
      "updatedAt": "2025-10-24T13:34:29.813Z"
    },
    {
      "id": 41,
      "usdToUah": "41.892862",
      "btcToUsd": "111258",
      "ethToUsd": "3968.35",
      "updatedAt": "2025-10-24T13:34:59.813Z"
    },
    {
      "id": 42,
      "usdToUah": "41.892862",
      "btcToUsd": "111258",
      "ethToUsd": "3968.35",
      "updatedAt": "2025-10-24T13:35:29.813Z"
    },
    {
      "id": 43,
      "usdToUah": "41.892862",
      "btcToUsd": "111258",
      "ethToUsd": "3968.35",
      "updatedAt": "2025-10-24T13:35:59.811Z"
    },
    {
      "id": 44,
      "usdToUah": "41.892862",
      "btcToUsd": "111258",
      "ethToUsd": "3968.35",
      "updatedAt": "2025-10-24T13:36:29.813Z"
    },
    {
      "id": 45,
      "usdToUah": "41.892862",
      "btcToUsd": "111258",
      "ethToUsd": "3968.35",
      "updatedAt": "2025-10-24T13:36:59.813Z"
    },
    {
      "id": 46,
      "usdToUah": "41.892862",
      "btcToUsd": "111258",
      "ethToUsd": "3968.35",
      "updatedAt": "2025-10-24T13:37:29.813Z"
    },
    {
      "id": 47,
      "usdToUah": "41.892862",
      "btcToUsd": "111258",
      "ethToUsd": "3968.35",
      "updatedAt": "2025-10-24T13:37:59.813Z"
    },
    {
      "id": 48,
      "usdToUah": "41.892862",
      "btcToUsd": "111258",
      "ethToUsd": "3968.35",
      "updatedAt": "2025-10-24T13:38:29.814Z"
    },
    {
      "id": 49,
      "usdToUah": "41.892862",
      "btcToUsd": "111258",
      "ethToUsd": "3968.35",
      "updatedAt": "2025-10-24T13:38:59.814Z"
    },
    {
      "id": 50,
      "usdToUah": "41.892862",
      "btcToUsd": "111137",
      "ethToUsd": "3961.94",
      "updatedAt": "2025-10-24T13:39:29.985Z"
    },
    {
      "id": 51,
      "usdToUah": "41.892862",
      "btcToUsd": "111137",
      "ethToUsd": "3961.94",
      "updatedAt": "2025-10-24T13:39:59.815Z"
    },
    {
      "id": 52,
      "usdToUah": "41.892862",
      "btcToUsd": "111137",
      "ethToUsd": "3961.94",
      "updatedAt": "2025-10-24T13:40:29.815Z"
    },
    {
      "id": 53,
      "usdToUah": "41.892862",
      "btcToUsd": "111137",
      "ethToUsd": "3961.94",
      "updatedAt": "2025-10-24T13:40:59.815Z"
    },
    {
      "id": 54,
      "usdToUah": "41.892862",
      "btcToUsd": "111137",
      "ethToUsd": "3961.94",
      "updatedAt": "2025-10-24T13:41:29.815Z"
    },
    {
      "id": 55,
      "usdToUah": "41.892862",
      "btcToUsd": "111137",
      "ethToUsd": "3961.94",
      "updatedAt": "2025-10-24T13:41:59.815Z"
    },
    {
      "id": 56,
      "usdToUah": "41.892862",
      "btcToUsd": "111137",
      "ethToUsd": "3961.94",
      "updatedAt": "2025-10-24T13:42:29.815Z"
    },
    {
      "id": 57,
      "usdToUah": "41.892862",
      "btcToUsd": "111137",
      "ethToUsd": "3961.94",
      "updatedAt": "2025-10-24T13:42:59.815Z"
    },
    {
      "id": 58,
      "usdToUah": "41.892862",
      "btcToUsd": "111137",
      "ethToUsd": "3961.94",
      "updatedAt": "2025-10-24T13:43:29.816Z"
    },
    {
      "id": 59,
      "usdToUah": "41.892862",
      "btcToUsd": "111137",
      "ethToUsd": "3961.94",
      "updatedAt": "2025-10-24T13:43:59.816Z"
    },
    {
      "id": 60,
      "usdToUah": "41.892862",
      "btcToUsd": "111137",
      "ethToUsd": "3961.94",
      "updatedAt": "2025-10-24T13:44:29.816Z"
    },
    {
      "id": 61,
      "usdToUah": "41.892862",
      "btcToUsd": "110860",
      "ethToUsd": "3954.28",
      "updatedAt": "2025-10-24T13:44:59.978Z"
    },
    {
      "id": 62,
      "usdToUah": "41.892862",
      "btcToUsd": "110860",
      "ethToUsd": "3954.28",
      "updatedAt": "2025-10-24T13:45:29.817Z"
    },
    {
      "id": 63,
      "usdToUah": "41.892862",
      "btcToUsd": "110860",
      "ethToUsd": "3954.28",
      "updatedAt": "2025-10-24T13:45:59.817Z"
    },
    {
      "id": 64,
      "usdToUah": "41.892862",
      "btcToUsd": "110860",
      "ethToUsd": "3954.28",
      "updatedAt": "2025-10-24T13:46:29.817Z"
    },
    {
      "id": 65,
      "usdToUah": "41.892862",
      "btcToUsd": "110860",
      "ethToUsd": "3954.28",
      "updatedAt": "2025-10-24T13:46:59.817Z"
    },
    {
      "id": 66,
      "usdToUah": "41.892862",
      "btcToUsd": "110860",
      "ethToUsd": "3954.28",
      "updatedAt": "2025-10-24T13:47:29.817Z"
    },
    {
      "id": 67,
      "usdToUah": "41.892862",
      "btcToUsd": "110860",
      "ethToUsd": "3954.28",
      "updatedAt": "2025-10-24T13:47:59.817Z"
    },
    {
      "id": 68,
      "usdToUah": "41.892862",
      "btcToUsd": "110860",
      "ethToUsd": "3954.28",
      "updatedAt": "2025-10-24T13:48:29.817Z"
    },
    {
      "id": 69,
      "usdToUah": "41.892862",
      "btcToUsd": "110860",
      "ethToUsd": "3954.28",
      "updatedAt": "2025-10-24T13:48:59.817Z"
    },
    {
      "id": 70,
      "usdToUah": "41.892862",
      "btcToUsd": "110860",
      "ethToUsd": "3954.28",
      "updatedAt": "2025-10-24T13:49:29.817Z"
    },
    {
      "id": 71,
      "usdToUah": "41.892862",
      "btcToUsd": "110860",
      "ethToUsd": "3954.28",
      "updatedAt": "2025-10-24T13:49:59.817Z"
    },
    {
      "id": 72,
      "usdToUah": "41.892862",
      "btcToUsd": "110691",
      "ethToUsd": "3935.65",
      "updatedAt": "2025-10-24T13:50:29.926Z"
    },
    {
      "id": 73,
      "usdToUah": "41.892862",
      "btcToUsd": "110691",
      "ethToUsd": "3935.65",
      "updatedAt": "2025-10-24T13:50:59.817Z"
    },
    {
      "id": 74,
      "usdToUah": "41.892862",
      "btcToUsd": "110691",
      "ethToUsd": "3935.65",
      "updatedAt": "2025-10-24T13:51:29.817Z"
    },
    {
      "id": 75,
      "usdToUah": "41.892862",
      "btcToUsd": "110691",
      "ethToUsd": "3935.65",
      "updatedAt": "2025-10-24T13:51:59.817Z"
    }
  ],
  "backupDate": "2025-10-24T13-52-19-394Z",
  "version": "1.0"
}