[
  {
    "id": 1,
    "fromCardId": 1,
    "toCardId": 2,
    "amount": "1",
    "convertedAmount": "111137",
    "type": "transfer",
    "wallet": null,
    "status": "completed",
    "createdAt": "2025-10-24T13:42:45.743Z",
    "description": "Перевод 1.00000000 CRYPTO → 111137.00 USD (курс: 111137.00)",
    "fromCardNumber": "4111956776370092",
    "toCardNumber": "4112217881622650"
  },
  {
    "id": 2,
    "fromCardId": 1,
    "toCardId": 2,
    "amount": "0.01",
    "convertedAmount": "8.997903488487182e-8",
    "type": "commission",
    "wallet": null,
    "status": "completed",
    "createdAt": "2025-10-24T13:42:46.179Z",
    "description": "Комиссия за перевод (0.00000009 BTC)",
    "fromCardNumber": "4111956776370092",
    "toCardNumber": "REGULATOR"
  },
  {
    "id": 3,
    "fromCardId": 1,
    "toCardId": 4,
    "amount": "956446",
    "convertedAmount": "956446",
    "type": "crypto_transfer",
    "wallet": "1HzejqNt5F48GwPqdRhqbjCtojdFTwurLW",
    "status": "completed",
    "createdAt": "2025-10-24T13:45:48.101Z",
    "description": "Отправка 956446.00000000 BTC на адрес 1HzejqNt5F48GwPqdRhqbjCtojdFTwurLW (внутренний перевод)",
    "fromCardNumber": "4111956776370092",
    "toCardNumber": "4111691748414940"
  },
  {
    "id": 4,
    "fromCardId": 1,
    "toCardId": 2,
    "amount": "9564.460000000001",
    "convertedAmount": "9564.460000000001",
    "type": "commission",
    "wallet": null,
    "status": "completed",
    "createdAt": "2025-10-24T13:45:48.539Z",
    "description": "Комиссия за перевод BTC (9564.46000000 BTC)",
    "fromCardNumber": "4111956776370092",
    "toCardNumber": "REGULATOR"
  },
  {
    "id": 5,
    "fromCardId": 4,
    "toCardId": 5,
    "amount": "23",
    "convertedAmount": "2545893",
    "type": "transfer",
    "wallet": null,
    "status": "completed",
    "createdAt": "2025-10-24T13:51:49.393Z",
    "description": "Перевод 23.00000000 CRYPTO → 2545893.00 USD (курс: 110691.00)",
    "fromCardNumber": "4111691748414940",
    "toCardNumber": "4112579166439031"
  },
  {
    "id": 6,
    "fromCardId": 4,
    "toCardId": 2,
    "amount": "0.23",
    "convertedAmount": "0.0000020778563749537",
    "type": "commission",
    "wallet": null,
    "status": "completed",
    "createdAt": "2025-10-24T13:51:49.830Z",
    "description": "Комиссия за перевод (0.00000208 BTC)",
    "fromCardNumber": "4111691748414940",
    "toCardNumber": "REGULATOR"
  }
]