[
  {
    "id": 3,
    "userId": 1,
    "type": "uah",
    "number": "4113444723959924",
    "expiry": "10/28",
    "cvv": "762",
    "balance": "0.00",
    "btcBalance": "0.00000000",
    "ethBalance": "0.00000000",
    "kichcoinBalance": "0",
    "btcAddress": null,
    "ethAddress": null,
    "tonAddress": null
  },
  {
    "id": 2,
    "userId": 1,
    "type": "usd",
    "number": "4112217881622650",
    "expiry": "10/28",
    "cvv": "698",
    "balance": "111137.00",
    "btcBalance": "0.00000000",
    "ethBalance": "0.00000000",
    "kichcoinBalance": "0",
    "btcAddress": null,
    "ethAddress": null,
    "tonAddress": null
  },
  {
    "id": 5,
    "userId": 2,
    "type": "usd",
    "number": "4112579166439031",
    "expiry": "10/28",
    "cvv": "917",
    "balance": "2495393.00",
    "btcBalance": "0.00000000",
    "ethBalance": "0.00000000",
    "kichcoinBalance": "0",
    "btcAddress": null,
    "ethAddress": null,
    "tonAddress": null
  },
  {
    "id": 6,
    "userId": 2,
    "type": "uah",
    "number": "4113487975507205",
    "expiry": "10/28",
    "cvv": "517",
    "balance": "2094643.10",
    "btcBalance": "0.00000000",
    "ethBalance": "0.00000000",
    "kichcoinBalance": "0",
    "btcAddress": null,
    "ethAddress": null,
    "tonAddress": null
  },
  {
    "id": 1,
    "userId": 1,
    "type": "crypto",
    "number": "4111956776370092",
    "expiry": "10/28",
    "cvv": "939",
    "balance": "9564467.04570",
    "btcBalance": "924016.02570000",
    "ethBalance": "0.00000000",
    "kichcoinBalance": "0",
    "btcAddress": "1GWzB5z23nWRwz952sfMPvdxDsRTkhWyss",
    "ethAddress": "0x441e217F7C659DFA9C7cf5Cb5D574043b0B865f7",
    "tonAddress": null
  },
  {
    "id": 4,
    "userId": 2,
    "type": "crypto",
    "number": "4111691748414940",
    "expiry": "10/28",
    "cvv": "963",
    "balance": "0.00",
    "btcBalance": "8554877.77000000",
    "ethBalance": "0.00000000",
    "kichcoinBalance": "0",
    "btcAddress": "1HzejqNt5F48GwPqdRhqbjCtojdFTwurLW",
    "ethAddress": "0x8Ed2e64FfDa282021ae05C49000780b0a2Ec33F9",
    "tonAddress": null
  }
]