{
  "users": [
    {
      "id": 1,
      "username": "Frgerrve",
      "password": "/z4)f#u2.4P.weD",
      "is_regulator": false,
      "regulator_balance": "0",
      "last_nft_generation": null,
      "nft_generation_count": 0
    },
    {
      "id": 2,
      "username": "regulator",
      "password": "Regulator123",
      "is_regulator": true,
      "regulator_balance": "85549.01451925",
      "last_nft_generation": null,
      "nft_generation_count": 0
    }
  ],
  "cards": [
    {
      "id": 3,
      "userId": 1,
      "type": "uah",
      "number": "4113444723959924",
      "expiry": "10/28",
      "cvv": "762",
      "balance": "0.00",
      "btcBalance": "0.00000000",
      "ethBalance": "0.00000000",
      "kichcoinBalance": "0",
      "btcAddress": null,
      "ethAddress": null,
      "tonAddress": null
    },
    {
      "id": 2,
      "userId": 1,
      "type": "usd",
      "number": "4112217881622650",
      "expiry": "10/28",
      "cvv": "698",
      "balance": "111137.00",
      "btcBalance": "0.00000000",
      "ethBalance": "0.00000000",
      "kichcoinBalance": "0",
      "btcAddress": null,
      "ethAddress": null,
      "tonAddress": null
    },
    {
      "id": 5,
      "userId": 2,
      "type": "usd",
      "number": "4112579166439031",
      "expiry": "10/28",
      "cvv": "917",
      "balance": "2495393.00",
      "btcBalance": "0.00000000",
      "ethBalance": "0.00000000",
      "kichcoinBalance": "0",
      "btcAddress": null,
      "ethAddress": null,
      "tonAddress": null
    },
    {
      "id": 6,
      "userId": 2,
      "type": "uah",
      "number": "4113487975507205",
      "expiry": "10/28",
      "cvv": "517",
      "balance": "2094643.10",
      "btcBalance": "0.00000000",
      "ethBalance": "0.00000000",
      "kichcoinBalance": "0",
      "btcAddress": null,
      "ethAddress": null,
      "tonAddress": null
    },
    {
      "id": 1,
      "userId": 1,
      "type": "crypto",
      "number": "4111956776370092",
      "expiry": "10/28",
      "cvv": "939",
      "balance": "9564467.04570",
      "btcBalance": "924016.02570000",
      "ethBalance": "0.00000000",
      "kichcoinBalance": "0",
      "btcAddress": "1GWzB5z23nWRwz952sfMPvdxDsRTkhWyss",
      "ethAddress": "0x441e217F7C659DFA9C7cf5Cb5D574043b0B865f7",
      "tonAddress": null
    },
    {
      "id": 4,
      "userId": 2,
      "type": "crypto",
      "number": "4111691748414940",
      "expiry": "10/28",
      "cvv": "963",
      "balance": "0.00",
      "btcBalance": "8554877.77000000",
      "ethBalance": "0.00000000",
      "kichcoinBalance": "0",
      "btcAddress": "1HzejqNt5F48GwPqdRhqbjCtojdFTwurLW",
      "ethAddress": "0x8Ed2e64FfDa282021ae05C49000780b0a2Ec33F9",
      "tonAddress": null
    }
  ],
  "transactions": [
    {
      "id": 1,
      "fromCardId": 1,
      "toCardId": 2,
      "amount": "1",
      "convertedAmount": "111137",
      "type": "transfer",
      "wallet": null,
      "status": "completed",
      "createdAt": "2025-10-24T13:42:45.743Z",
      "description": "Перевод 1.00000000 CRYPTO → 111137.00 USD (курс: 111137.00)",
      "fromCardNumber": "4111956776370092",
      "toCardNumber": "4112217881622650"
    },
    {
      "id": 2,
      "fromCardId": 1,
      "toCardId": 2,
      "amount": "0.01",
      "convertedAmount": "8.997903488487182e-8",
      "type": "commission",
      "wallet": null,
      "status": "completed",
      "createdAt": "2025-10-24T13:42:46.179Z",
      "description": "Комиссия за перевод (0.00000009 BTC)",
      "fromCardNumber": "4111956776370092",
      "toCardNumber": "REGULATOR"
    },
    {
      "id": 3,
      "fromCardId": 1,
      "toCardId": 4,
      "amount": "956446",
      "convertedAmount": "956446",
      "type": "crypto_transfer",
      "wallet": "1HzejqNt5F48GwPqdRhqbjCtojdFTwurLW",
      "status": "completed",
      "createdAt": "2025-10-24T13:45:48.101Z",
      "description": "Отправка 956446.00000000 BTC на адрес 1HzejqNt5F48GwPqdRhqbjCtojdFTwurLW (внутренний перевод)",
      "fromCardNumber": "4111956776370092",
      "toCardNumber": "4111691748414940"
    },
    {
      "id": 4,
      "fromCardId": 1,
      "toCardId": 2,
      "amount": "9564.460000000001",
      "convertedAmount": "9564.460000000001",
      "type": "commission",
      "wallet": null,
      "status": "completed",
      "createdAt": "2025-10-24T13:45:48.539Z",
      "description": "Комиссия за перевод BTC (9564.46000000 BTC)",
      "fromCardNumber": "4111956776370092",
      "toCardNumber": "REGULATOR"
    },
    {
      "id": 5,
      "fromCardId": 4,
      "toCardId": 5,
      "amount": "23",
      "convertedAmount": "2545893",
      "type": "transfer",
      "wallet": null,
      "status": "completed",
      "createdAt": "2025-10-24T13:51:49.393Z",
      "description": "Перевод 23.00000000 CRYPTO → 2545893.00 USD (курс: 110691.00)",
      "fromCardNumber": "4111691748414940",
      "toCardNumber": "4112579166439031"
    },
    {
      "id": 6,
      "fromCardId": 4,
      "toCardId": 2,
      "amount": "0.23",
      "convertedAmount": "0.0000020778563749537",
      "type": "commission",
      "wallet": null,
      "status": "completed",
      "createdAt": "2025-10-24T13:51:49.830Z",
      "description": "Комиссия за перевод (0.00000208 BTC)",
      "fromCardNumber": "4111691748414940",
      "toCardNumber": "REGULATOR"
    },
    {
      "id": 7,
      "fromCardId": 5,
      "toCardId": 6,
      "amount": "50000",
      "convertedAmount": "2094643.1",
      "type": "transfer",
      "wallet": null,
      "status": "completed",
      "createdAt": "2025-10-24T13:55:10.304Z",
      "description": "Перевод 50000.00 USD → 2094643.10 UAH (курс: 41.89)",
      "fromCardNumber": "4112579166439031",
      "toCardNumber": "4113487975507205"
    },
    {
      "id": 8,
      "fromCardId": 5,
      "toCardId": 2,
      "amount": "500",
      "convertedAmount": "0.004517079075986304",
      "type": "commission",
      "wallet": null,
      "status": "completed",
      "createdAt": "2025-10-24T13:55:10.750Z",
      "description": "Комиссия за перевод (0.00451708 BTC)",
      "fromCardNumber": "4112579166439031",
      "toCardNumber": "REGULATOR"
    },
    {
      "id": 9,
      "fromCardId": 1,
      "toCardId": 4,
      "amount": "7598455",
      "convertedAmount": "7598455",
      "type": "crypto_transfer",
      "wallet": "1HzejqNt5F48GwPqdRhqbjCtojdFTwurLW",
      "status": "completed",
      "createdAt": "2025-10-24T13:57:39.324Z",
      "description": "Отправка 7598455.00000000 BTC на адрес 1HzejqNt5F48GwPqdRhqbjCtojdFTwurLW (внутренний перевод)",
      "fromCardNumber": "4111956776370092",
      "toCardNumber": "4111691748414940"
    },
    {
      "id": 10,
      "fromCardId": 1,
      "toCardId": 2,
      "amount": "75984.55",
      "convertedAmount": "75984.55",
      "type": "commission",
      "wallet": null,
      "status": "completed",
      "createdAt": "2025-10-24T13:57:39.769Z",
      "description": "Комиссия за перевод BTC (75984.55000000 BTC)",
      "fromCardNumber": "4111956776370092",
      "toCardNumber": "REGULATOR"
    }
  ],
  "rates": [
    {
      "id": 1,
      "usdToUah": "40.5",
      "btcToUsd": "65000",
      "ethToUsd": "3500",
      "updatedAt": "2025-10-24T13:18:17.399Z"
    },
    {
      "id": 2,
      "usdToUah": "41.892862",
      "btcToUsd": "111268",
      "ethToUsd": "3969.58",
      "updatedAt": "2025-10-24T13:18:45.822Z"
    },
    {
      "id": 3,
      "usdToUah": "40.5",
      "btcToUsd": "65000",
      "ethToUsd": "3500",
      "updatedAt": "2025-10-24T13:18:48.246Z"
    },
    {
      "id": 4,
      "usdToUah": "41.892862",
      "btcToUsd": "111268",
      "ethToUsd": "3969.58",
      "updatedAt": "2025-10-24T13:19:14.888Z"
    },
    {
      "id": 5,
      "usdToUah": "41.892862",
      "btcToUsd": "111289",
      "ethToUsd": "3970.53",
      "updatedAt": "2025-10-24T13:19:50.219Z"
    },
    {
      "id": 6,
      "usdToUah": "40.5",
      "btcToUsd": "65000",
      "ethToUsd": "3500",
      "updatedAt": "2025-10-24T13:19:52.676Z"
    },
    {
      "id": 7,
      "usdToUah": "41.892862",
      "btcToUsd": "111289",
      "ethToUsd": "3970.53",
      "updatedAt": "2025-10-24T13:20:19.605Z"
    },
    {
      "id": 8,
      "usdToUah": "41.892862",
      "btcToUsd": "111289",
      "ethToUsd": "3970.53",
      "updatedAt": "2025-10-24T13:20:50.132Z"
    },
    {
      "id": 9,
      "usdToUah": "40.5",
      "btcToUsd": "65000",
      "ethToUsd": "3500",
      "updatedAt": "2025-10-24T13:20:53.873Z"
    },
    {
      "id": 10,
      "usdToUah": "41.892862",
      "btcToUsd": "111289",
      "ethToUsd": "3970.53",
      "updatedAt": "2025-10-24T13:21:19.604Z"
    },
    {
      "id": 11,
      "usdToUah": "41.892862",
      "btcToUsd": "111289",
      "ethToUsd": "3970.53",
      "updatedAt": "2025-10-24T13:21:49.604Z"
    },
    {
      "id": 12,
      "usdToUah": "41.892862",
      "btcToUsd": "111289",
      "ethToUsd": "3970.53",
      "updatedAt": "2025-10-24T13:22:19.604Z"
    },
    {
      "id": 13,
      "usdToUah": "41.892862",
      "btcToUsd": "111340",
      "ethToUsd": "3973.35",
      "updatedAt": "2025-10-24T13:22:51.244Z"
    },
    {
      "id": 14,
      "usdToUah": "40.5",
      "btcToUsd": "65000",
      "ethToUsd": "3500",
      "updatedAt": "2025-10-24T13:22:53.663Z"
    },
    {
      "id": 15,
      "usdToUah": "41.892862",
      "btcToUsd": "83047",
      "ethToUsd": "1832.66",
      "updatedAt": "2025-10-24T13:23:20.971Z"
    },
    {
      "id": 16,
      "usdToUah": "40.5",
      "btcToUsd": "65000",
      "ethToUsd": "3500",
      "updatedAt": "2025-10-24T13:23:23.805Z"
    },
    {
      "id": 17,
      "usdToUah": "41.892862",
      "btcToUsd": "83047",
      "ethToUsd": "1832.66",
      "updatedAt": "2025-10-24T13:23:50.775Z"
    },
    {
      "id": 18,
      "usdToUah": "41.892862",
      "btcToUsd": "111348",
      "ethToUsd": "3973.71",
      "updatedAt": "2025-10-24T13:24:29.563Z"
    },
    {
      "id": 19,
      "usdToUah": "40.5",
      "btcToUsd": "65000",
      "ethToUsd": "3500",
      "updatedAt": "2025-10-24T13:24:31.993Z"
    },
    {
      "id": 20,
      "usdToUah": "41.892862",
      "btcToUsd": "111348",
      "ethToUsd": "3973.71",
      "updatedAt": "2025-10-24T13:24:59.544Z"
    },
    {
      "id": 21,
      "usdToUah": "40.5",
      "btcToUsd": "65000",
      "ethToUsd": "3500",
      "updatedAt": "2025-10-24T13:25:02.359Z"
    },
    {
      "id": 22,
      "usdToUah": "41.892862",
      "btcToUsd": "111348",
      "ethToUsd": "3973.71",
      "updatedAt": "2025-10-24T13:25:29.332Z"
    },
    {
      "id": 23,
      "usdToUah": "41.892862",
      "btcToUsd": "111368",
      "ethToUsd": "3975.58",
      "updatedAt": "2025-10-24T13:26:15.407Z"
    },
    {
      "id": 24,
      "usdToUah": "40.5",
      "btcToUsd": "65000",
      "ethToUsd": "3500",
      "updatedAt": "2025-10-24T13:26:17.695Z"
    },
    {
      "id": 25,
      "usdToUah": "41.892862",
      "btcToUsd": "83047",
      "ethToUsd": "1832.66",
      "updatedAt": "2025-10-24T13:26:45.314Z"
    },
    {
      "id": 26,
      "usdToUah": "40.5",
      "btcToUsd": "65000",
      "ethToUsd": "3500",
      "updatedAt": "2025-10-24T13:26:49.183Z"
    },
    {
      "id": 27,
      "usdToUah": "41.892862",
      "btcToUsd": "83047",
      "ethToUsd": "1832.66",
      "updatedAt": "2025-10-24T13:27:14.825Z"
    },
    {
      "id": 28,
      "usdToUah": "41.892862",
      "btcToUsd": "83047",
      "ethToUsd": "1832.66",
      "updatedAt": "2025-10-24T13:28:59.016Z"
    },
    {
      "id": 29,
      "usdToUah": "40.5",
      "btcToUsd": "65000",
      "ethToUsd": "3500",
      "updatedAt": "2025-10-24T13:29:06.533Z"
    },
    {
      "id": 30,
      "usdToUah": "41.892862",
      "btcToUsd": "83047",
      "ethToUsd": "1832.66",
      "updatedAt": "2025-10-24T13:29:28.820Z"
    },
    {
      "id": 31,
      "usdToUah": "41.892862",
      "btcToUsd": "83047",
      "ethToUsd": "1832.66",
      "updatedAt": "2025-10-24T13:29:58.820Z"
    },
    {
      "id": 32,
      "usdToUah": "41.892862",
      "btcToUsd": "83047",
      "ethToUsd": "1832.66",
      "updatedAt": "2025-10-24T13:30:28.820Z"
    },
    {
      "id": 33,
      "usdToUah": "41.892862",
      "btcToUsd": "83047",
      "ethToUsd": "1832.66",
      "updatedAt": "2025-10-24T13:30:58.820Z"
    },
    {
      "id": 34,
      "usdToUah": "41.892862",
      "btcToUsd": "83047",
      "ethToUsd": "1832.66",
      "updatedAt": "2025-10-24T13:31:28.820Z"
    },
    {
      "id": 35,
      "usdToUah": "41.892862",
      "btcToUsd": "83047",
      "ethToUsd": "1832.66",
      "updatedAt": "2025-10-24T13:31:58.820Z"
    },
    {
      "id": 36,
      "usdToUah": "41.892862",
      "btcToUsd": "83047",
      "ethToUsd": "1832.66",
      "updatedAt": "2025-10-24T13:32:28.820Z"
    },
    {
      "id": 37,
      "usdToUah": "41.892862",
      "btcToUsd": "83047",
      "ethToUsd": "1832.66",
      "updatedAt": "2025-10-24T13:32:58.820Z"
    },
    {
      "id": 38,
      "usdToUah": "41.892862",
      "btcToUsd": "83047",
      "ethToUsd": "1832.66",
      "updatedAt": "2025-10-24T13:33:28.820Z"
    },
    {
      "id": 39,
      "usdToUah": "41.892862",
      "btcToUsd": "111258",
      "ethToUsd": "3968.35",
      "updatedAt": "2025-10-24T13:34:00.387Z"
    },
    {
      "id": 40,
      "usdToUah": "41.892862",
      "btcToUsd": "111258",
      "ethToUsd": "3968.35",
      "updatedAt": "2025-10-24T13:34:29.813Z"
    },
    {
      "id": 41,
      "usdToUah": "41.892862",
      "btcToUsd": "111258",
      "ethToUsd": "3968.35",
      "updatedAt": "2025-10-24T13:34:59.813Z"
    },
    {
      "id": 42,
      "usdToUah": "41.892862",
      "btcToUsd": "111258",
      "ethToUsd": "3968.35",
      "updatedAt": "2025-10-24T13:35:29.813Z"
    },
    {
      "id": 43,
      "usdToUah": "41.892862",
      "btcToUsd": "111258",
      "ethToUsd": "3968.35",
      "updatedAt": "2025-10-24T13:35:59.811Z"
    },
    {
      "id": 44,
      "usdToUah": "41.892862",
      "btcToUsd": "111258",
      "ethToUsd": "3968.35",
      "updatedAt": "2025-10-24T13:36:29.813Z"
    },
    {
      "id": 45,
      "usdToUah": "41.892862",
      "btcToUsd": "111258",
      "ethToUsd": "3968.35",
      "updatedAt": "2025-10-24T13:36:59.813Z"
    },
    {
      "id": 46,
      "usdToUah": "41.892862",
      "btcToUsd": "111258",
      "ethToUsd": "3968.35",
      "updatedAt": "2025-10-24T13:37:29.813Z"
    },
    {
      "id": 47,
      "usdToUah": "41.892862",
      "btcToUsd": "111258",
      "ethToUsd": "3968.35",
      "updatedAt": "2025-10-24T13:37:59.813Z"
    },
    {
      "id": 48,
      "usdToUah": "41.892862",
      "btcToUsd": "111258",
      "ethToUsd": "3968.35",
      "updatedAt": "2025-10-24T13:38:29.814Z"
    },
    {
      "id": 49,
      "usdToUah": "41.892862",
      "btcToUsd": "111258",
      "ethToUsd": "3968.35",
      "updatedAt": "2025-10-24T13:38:59.814Z"
    },
    {
      "id": 50,
      "usdToUah": "41.892862",
      "btcToUsd": "111137",
      "ethToUsd": "3961.94",
      "updatedAt": "2025-10-24T13:39:29.985Z"
    },
    {
      "id": 51,
      "usdToUah": "41.892862",
      "btcToUsd": "111137",
      "ethToUsd": "3961.94",
      "updatedAt": "2025-10-24T13:39:59.815Z"
    },
    {
      "id": 52,
      "usdToUah": "41.892862",
      "btcToUsd": "111137",
      "ethToUsd": "3961.94",
      "updatedAt": "2025-10-24T13:40:29.815Z"
    },
    {
      "id": 53,
      "usdToUah": "41.892862",
      "btcToUsd": "111137",
      "ethToUsd": "3961.94",
      "updatedAt": "2025-10-24T13:40:59.815Z"
    },
    {
      "id": 54,
      "usdToUah": "41.892862",
      "btcToUsd": "111137",
      "ethToUsd": "3961.94",
      "updatedAt": "2025-10-24T13:41:29.815Z"
    },
    {
      "id": 55,
      "usdToUah": "41.892862",
      "btcToUsd": "111137",
      "ethToUsd": "3961.94",
      "updatedAt": "2025-10-24T13:41:59.815Z"
    },
    {
      "id": 56,
      "usdToUah": "41.892862",
      "btcToUsd": "111137",
      "ethToUsd": "3961.94",
      "updatedAt": "2025-10-24T13:42:29.815Z"
    },
    {
      "id": 57,
      "usdToUah": "41.892862",
      "btcToUsd": "111137",
      "ethToUsd": "3961.94",
      "updatedAt": "2025-10-24T13:42:59.815Z"
    },
    {
      "id": 58,
      "usdToUah": "41.892862",
      "btcToUsd": "111137",
      "ethToUsd": "3961.94",
      "updatedAt": "2025-10-24T13:43:29.816Z"
    },
    {
      "id": 59,
      "usdToUah": "41.892862",
      "btcToUsd": "111137",
      "ethToUsd": "3961.94",
      "updatedAt": "2025-10-24T13:43:59.816Z"
    },
    {
      "id": 60,
      "usdToUah": "41.892862",
      "btcToUsd": "111137",
      "ethToUsd": "3961.94",
      "updatedAt": "2025-10-24T13:44:29.816Z"
    },
    {
      "id": 61,
      "usdToUah": "41.892862",
      "btcToUsd": "110860",
      "ethToUsd": "3954.28",
      "updatedAt": "2025-10-24T13:44:59.978Z"
    },
    {
      "id": 62,
      "usdToUah": "41.892862",
      "btcToUsd": "110860",
      "ethToUsd": "3954.28",
      "updatedAt": "2025-10-24T13:45:29.817Z"
    },
    {
      "id": 63,
      "usdToUah": "41.892862",
      "btcToUsd": "110860",
      "ethToUsd": "3954.28",
      "updatedAt": "2025-10-24T13:45:59.817Z"
    },
    {
      "id": 64,
      "usdToUah": "41.892862",
      "btcToUsd": "110860",
      "ethToUsd": "3954.28",
      "updatedAt": "2025-10-24T13:46:29.817Z"
    },
    {
      "id": 65,
      "usdToUah": "41.892862",
      "btcToUsd": "110860",
      "ethToUsd": "3954.28",
      "updatedAt": "2025-10-24T13:46:59.817Z"
    },
    {
      "id": 66,
      "usdToUah": "41.892862",
      "btcToUsd": "110860",
      "ethToUsd": "3954.28",
      "updatedAt": "2025-10-24T13:47:29.817Z"
    },
    {
      "id": 67,
      "usdToUah": "41.892862",
      "btcToUsd": "110860",
      "ethToUsd": "3954.28",
      "updatedAt": "2025-10-24T13:47:59.817Z"
    },
    {
      "id": 68,
      "usdToUah": "41.892862",
      "btcToUsd": "110860",
      "ethToUsd": "3954.28",
      "updatedAt": "2025-10-24T13:48:29.817Z"
    },
    {
      "id": 69,
      "usdToUah": "41.892862",
      "btcToUsd": "110860",
      "ethToUsd": "3954.28",
      "updatedAt": "2025-10-24T13:48:59.817Z"
    },
    {
      "id": 70,
      "usdToUah": "41.892862",
      "btcToUsd": "110860",
      "ethToUsd": "3954.28",
      "updatedAt": "2025-10-24T13:49:29.817Z"
    },
    {
      "id": 71,
      "usdToUah": "41.892862",
      "btcToUsd": "110860",
      "ethToUsd": "3954.28",
      "updatedAt": "2025-10-24T13:49:59.817Z"
    },
    {
      "id": 72,
      "usdToUah": "41.892862",
      "btcToUsd": "110691",
      "ethToUsd": "3935.65",
      "updatedAt": "2025-10-24T13:50:29.926Z"
    },
    {
      "id": 73,
      "usdToUah": "41.892862",
      "btcToUsd": "110691",
      "ethToUsd": "3935.65",
      "updatedAt": "2025-10-24T13:50:59.817Z"
    },
    {
      "id": 74,
      "usdToUah": "41.892862",
      "btcToUsd": "110691",
      "ethToUsd": "3935.65",
      "updatedAt": "2025-10-24T13:51:29.817Z"
    },
    {
      "id": 75,
      "usdToUah": "41.892862",
      "btcToUsd": "110691",
      "ethToUsd": "3935.65",
      "updatedAt": "2025-10-24T13:51:59.817Z"
    },
    {
      "id": 76,
      "usdToUah": "41.892862",
      "btcToUsd": "110691",
      "ethToUsd": "3935.65",
      "updatedAt": "2025-10-24T13:52:29.817Z"
    },
    {
      "id": 77,
      "usdToUah": "41.892862",
      "btcToUsd": "110691",
      "ethToUsd": "3935.65",
      "updatedAt": "2025-10-24T13:52:59.817Z"
    },
    {
      "id": 78,
      "usdToUah": "41.892862",
      "btcToUsd": "110691",
      "ethToUsd": "3935.65",
      "updatedAt": "2025-10-24T13:53:29.817Z"
    },
    {
      "id": 79,
      "usdToUah": "41.892862",
      "btcToUsd": "110691",
      "ethToUsd": "3935.65",
      "updatedAt": "2025-10-24T13:53:59.818Z"
    },
    {
      "id": 80,
      "usdToUah": "41.892862",
      "btcToUsd": "110691",
      "ethToUsd": "3935.65",
      "updatedAt": "2025-10-24T13:54:29.818Z"
    },
    {
      "id": 81,
      "usdToUah": "41.892862",
      "btcToUsd": "110691",
      "ethToUsd": "3935.65",
      "updatedAt": "2025-10-24T13:54:59.819Z"
    },
    {
      "id": 82,
      "usdToUah": "41.892862",
      "btcToUsd": "110691",
      "ethToUsd": "3935.65",
      "updatedAt": "2025-10-24T13:55:29.819Z"
    },
    {
      "id": 83,
      "usdToUah": "41.892862",
      "btcToUsd": "110799",
      "ethToUsd": "3936.99",
      "updatedAt": "2025-10-24T13:55:59.937Z"
    },
    {
      "id": 84,
      "usdToUah": "41.892862",
      "btcToUsd": "110799",
      "ethToUsd": "3936.99",
      "updatedAt": "2025-10-24T13:56:29.820Z"
    },
    {
      "id": 85,
      "usdToUah": "41.892862",
      "btcToUsd": "110799",
      "ethToUsd": "3936.99",
      "updatedAt": "2025-10-24T13:56:59.820Z"
    },
    {
      "id": 86,
      "usdToUah": "41.892862",
      "btcToUsd": "110799",
      "ethToUsd": "3936.99",
      "updatedAt": "2025-10-24T13:57:29.820Z"
    },
    {
      "id": 87,
      "usdToUah": "41.892862",
      "btcToUsd": "110799",
      "ethToUsd": "3936.99",
      "updatedAt": "2025-10-24T13:57:59.820Z"
    },
    {
      "id": 88,
      "usdToUah": "41.892862",
      "btcToUsd": "110799",
      "ethToUsd": "3936.99",
      "updatedAt": "2025-10-24T13:58:29.820Z"
    },
    {
      "id": 89,
      "usdToUah": "41.892862",
      "btcToUsd": "110799",
      "ethToUsd": "3936.99",
      "updatedAt": "2025-10-24T13:58:59.820Z"
    },
    {
      "id": 90,
      "usdToUah": "41.892862",
      "btcToUsd": "110799",
      "ethToUsd": "3936.99",
      "updatedAt": "2025-10-24T13:59:29.820Z"
    },
    {
      "id": 91,
      "usdToUah": "41.892862",
      "btcToUsd": "110799",
      "ethToUsd": "3936.99",
      "updatedAt": "2025-10-24T13:59:59.820Z"
    },
    {
      "id": 92,
      "usdToUah": "41.892862",
      "btcToUsd": "110799",
      "ethToUsd": "3936.99",
      "updatedAt": "2025-10-24T14:00:29.820Z"
    },
    {
      "id": 93,
      "usdToUah": "41.892862",
      "btcToUsd": "110799",
      "ethToUsd": "3936.99",
      "updatedAt": "2025-10-24T14:00:59.820Z"
    },
    {
      "id": 94,
      "usdToUah": "41.892862",
      "btcToUsd": "110910",
      "ethToUsd": "3946.03",
      "updatedAt": "2025-10-24T14:01:30.003Z"
    },
    {
      "id": 95,
      "usdToUah": "41.892862",
      "btcToUsd": "110910",
      "ethToUsd": "3946.03",
      "updatedAt": "2025-10-24T14:01:59.873Z"
    },
    {
      "id": 96,
      "usdToUah": "41.892862",
      "btcToUsd": "110910",
      "ethToUsd": "3946.03",
      "updatedAt": "2025-10-24T14:02:29.873Z"
    },
    {
      "id": 97,
      "usdToUah": "41.892862",
      "btcToUsd": "110910",
      "ethToUsd": "3946.03",
      "updatedAt": "2025-10-24T14:02:59.873Z"
    },
    {
      "id": 98,
      "usdToUah": "41.892862",
      "btcToUsd": "110910",
      "ethToUsd": "3946.03",
      "updatedAt": "2025-10-24T14:03:29.873Z"
    },
    {
      "id": 99,
      "usdToUah": "41.892862",
      "btcToUsd": "110910",
      "ethToUsd": "3946.03",
      "updatedAt": "2025-10-24T14:03:59.874Z"
    },
    {
      "id": 100,
      "usdToUah": "41.892862",
      "btcToUsd": "110910",
      "ethToUsd": "3946.03",
      "updatedAt": "2025-10-24T14:04:29.874Z"
    },
    {
      "id": 101,
      "usdToUah": "41.892862",
      "btcToUsd": "110910",
      "ethToUsd": "3946.03",
      "updatedAt": "2025-10-24T14:04:59.874Z"
    },
    {
      "id": 102,
      "usdToUah": "41.892862",
      "btcToUsd": "110910",
      "ethToUsd": "3946.03",
      "updatedAt": "2025-10-24T14:05:29.874Z"
    },
    {
      "id": 103,
      "usdToUah": "41.892862",
      "btcToUsd": "110910",
      "ethToUsd": "3946.03",
      "updatedAt": "2025-10-24T14:05:59.875Z"
    },
    {
      "id": 104,
      "usdToUah": "41.892862",
      "btcToUsd": "110910",
      "ethToUsd": "3946.03",
      "updatedAt": "2025-10-24T14:06:29.875Z"
    },
    {
      "id": 105,
      "usdToUah": "41.892862",
      "btcToUsd": "110505",
      "ethToUsd": "3930.7",
      "updatedAt": "2025-10-24T14:07:00.034Z"
    },
    {
      "id": 106,
      "usdToUah": "41.892862",
      "btcToUsd": "110505",
      "ethToUsd": "3930.7",
      "updatedAt": "2025-10-24T14:07:29.876Z"
    },
    {
      "id": 107,
      "usdToUah": "41.892862",
      "btcToUsd": "110505",
      "ethToUsd": "3930.7",
      "updatedAt": "2025-10-24T14:07:59.876Z"
    },
    {
      "id": 108,
      "usdToUah": "41.892862",
      "btcToUsd": "110505",
      "ethToUsd": "3930.7",
      "updatedAt": "2025-10-24T14:08:29.876Z"
    },
    {
      "id": 109,
      "usdToUah": "41.892862",
      "btcToUsd": "110505",
      "ethToUsd": "3930.7",
      "updatedAt": "2025-10-24T14:08:59.876Z"
    },
    {
      "id": 110,
      "usdToUah": "41.892862",
      "btcToUsd": "110505",
      "ethToUsd": "3930.7",
      "updatedAt": "2025-10-24T14:09:29.877Z"
    },
    {
      "id": 111,
      "usdToUah": "41.892862",
      "btcToUsd": "110505",
      "ethToUsd": "3930.7",
      "updatedAt": "2025-10-24T14:09:59.877Z"
    },
    {
      "id": 112,
      "usdToUah": "41.892862",
      "btcToUsd": "110505",
      "ethToUsd": "3930.7",
      "updatedAt": "2025-10-24T14:10:29.877Z"
    },
    {
      "id": 113,
      "usdToUah": "41.892862",
      "btcToUsd": "110505",
      "ethToUsd": "3930.7",
      "updatedAt": "2025-10-24T14:10:59.877Z"
    },
    {
      "id": 114,
      "usdToUah": "41.892862",
      "btcToUsd": "110505",
      "ethToUsd": "3930.7",
      "updatedAt": "2025-10-24T14:11:29.877Z"
    },
    {
      "id": 115,
      "usdToUah": "41.892862",
      "btcToUsd": "110505",
      "ethToUsd": "3930.7",
      "updatedAt": "2025-10-24T14:11:59.877Z"
    },
    {
      "id": 116,
      "usdToUah": "41.892862",
      "btcToUsd": "110545",
      "ethToUsd": "3928.32",
      "updatedAt": "2025-10-24T14:12:30.057Z"
    },
    {
      "id": 117,
      "usdToUah": "41.892862",
      "btcToUsd": "110545",
      "ethToUsd": "3928.32",
      "updatedAt": "2025-10-24T14:12:59.878Z"
    },
    {
      "id": 118,
      "usdToUah": "41.892862",
      "btcToUsd": "110545",
      "ethToUsd": "3928.32",
      "updatedAt": "2025-10-24T14:13:29.879Z"
    },
    {
      "id": 119,
      "usdToUah": "41.892862",
      "btcToUsd": "110545",
      "ethToUsd": "3928.32",
      "updatedAt": "2025-10-24T14:13:59.879Z"
    },
    {
      "id": 120,
      "usdToUah": "41.892862",
      "btcToUsd": "110545",
      "ethToUsd": "3928.32",
      "updatedAt": "2025-10-24T14:14:29.879Z"
    },
    {
      "id": 121,
      "usdToUah": "41.892862",
      "btcToUsd": "110545",
      "ethToUsd": "3928.32",
      "updatedAt": "2025-10-24T14:14:59.879Z"
    },
    {
      "id": 122,
      "usdToUah": "41.892862",
      "btcToUsd": "110545",
      "ethToUsd": "3928.32",
      "updatedAt": "2025-10-24T14:15:29.879Z"
    },
    {
      "id": 123,
      "usdToUah": "41.892862",
      "btcToUsd": "110545",
      "ethToUsd": "3928.32",
      "updatedAt": "2025-10-24T14:15:59.878Z"
    },
    {
      "id": 124,
      "usdToUah": "41.892862",
      "btcToUsd": "110545",
      "ethToUsd": "3928.32",
      "updatedAt": "2025-10-24T14:16:29.879Z"
    },
    {
      "id": 125,
      "usdToUah": "41.892862",
      "btcToUsd": "110545",
      "ethToUsd": "3928.32",
      "updatedAt": "2025-10-24T14:16:59.879Z"
    },
    {
      "id": 126,
      "usdToUah": "41.892862",
      "btcToUsd": "110545",
      "ethToUsd": "3928.32",
      "updatedAt": "2025-10-24T14:17:29.879Z"
    },
    {
      "id": 127,
      "usdToUah": "41.892862",
      "btcToUsd": "110517",
      "ethToUsd": "3932.63",
      "updatedAt": "2025-10-24T14:18:00.047Z"
    },
    {
      "id": 129,
      "usdToUah": "41.892862",
      "btcToUsd": "110517",
      "ethToUsd": "3932.63",
      "updatedAt": "2025-10-24T14:18:59.879Z"
    },
    {
      "id": 128,
      "usdToUah": "41.892862",
      "btcToUsd": "110517",
      "ethToUsd": "3932.63",
      "updatedAt": "2025-10-24T14:18:29.879Z"
    },
    {
      "id": 130,
      "usdToUah": "41.892862",
      "btcToUsd": "110517",
      "ethToUsd": "3932.63",
      "updatedAt": "2025-10-24T14:19:29.879Z"
    },
    {
      "id": 131,
      "usdToUah": "41.892862",
      "btcToUsd": "110517",
      "ethToUsd": "3932.63",
      "updatedAt": "2025-10-24T14:19:59.879Z"
    },
    {
      "id": 132,
      "usdToUah": "41.892862",
      "btcToUsd": "110517",
      "ethToUsd": "3932.63",
      "updatedAt": "2025-10-24T14:20:29.879Z"
    },
    {
      "id": 133,
      "usdToUah": "41.892862",
      "btcToUsd": "110517",
      "ethToUsd": "3932.63",
      "updatedAt": "2025-10-24T14:20:59.879Z"
    },
    {
      "id": 134,
      "usdToUah": "41.892862",
      "btcToUsd": "110517",
      "ethToUsd": "3932.63",
      "updatedAt": "2025-10-24T14:21:29.879Z"
    },
    {
      "id": 135,
      "usdToUah": "41.892862",
      "btcToUsd": "110517",
      "ethToUsd": "3932.63",
      "updatedAt": "2025-10-24T14:21:59.879Z"
    },
    {
      "id": 136,
      "usdToUah": "41.892862",
      "btcToUsd": "110157",
      "ethToUsd": "3920.05",
      "updatedAt": "2025-10-24T14:22:11.274Z"
    },
    {
      "id": 137,
      "usdToUah": "41.892862",
      "btcToUsd": "110157",
      "ethToUsd": "3920.05",
      "updatedAt": "2025-10-24T14:22:40.576Z"
    },
    {
      "id": 138,
      "usdToUah": "41.892862",
      "btcToUsd": "110157",
      "ethToUsd": "3920.05",
      "updatedAt": "2025-10-24T14:23:10.576Z"
    },
    {
      "id": 139,
      "usdToUah": "41.892862",
      "btcToUsd": "110157",
      "ethToUsd": "3920.05",
      "updatedAt": "2025-10-24T14:23:40.576Z"
    },
    {
      "id": 140,
      "usdToUah": "41.892862",
      "btcToUsd": "110157",
      "ethToUsd": "3920.05",
      "updatedAt": "2025-10-24T14:24:10.576Z"
    },
    {
      "id": 141,
      "usdToUah": "41.892862",
      "btcToUsd": "110157",
      "ethToUsd": "3920.05",
      "updatedAt": "2025-10-24T14:24:40.576Z"
    },
    {
      "id": 142,
      "usdToUah": "41.892862",
      "btcToUsd": "110121",
      "ethToUsd": "3920.73",
      "updatedAt": "2025-10-24T14:24:56.299Z"
    },
    {
      "id": 143,
      "usdToUah": "41.892862",
      "btcToUsd": "110121",
      "ethToUsd": "3920.73",
      "updatedAt": "2025-10-24T14:25:24.687Z"
    },
    {
      "id": 144,
      "usdToUah": "41.892862",
      "btcToUsd": "110121",
      "ethToUsd": "3920.73",
      "updatedAt": "2025-10-24T14:25:54.687Z"
    },
    {
      "id": 145,
      "usdToUah": "41.892862",
      "btcToUsd": "110121",
      "ethToUsd": "3920.73",
      "updatedAt": "2025-10-24T14:26:24.687Z"
    },
    {
      "id": 146,
      "usdToUah": "41.892862",
      "btcToUsd": "110121",
      "ethToUsd": "3920.73",
      "updatedAt": "2025-10-24T14:26:54.687Z"
    },
    {
      "id": 147,
      "usdToUah": "41.892862",
      "btcToUsd": "110121",
      "ethToUsd": "3920.73",
      "updatedAt": "2025-10-24T14:27:24.687Z"
    },
    {
      "id": 148,
      "usdToUah": "41.892862",
      "btcToUsd": "110121",
      "ethToUsd": "3920.73",
      "updatedAt": "2025-10-24T14:27:54.688Z"
    },
    {
      "id": 149,
      "usdToUah": "41.892862",
      "btcToUsd": "110121",
      "ethToUsd": "3920.73",
      "updatedAt": "2025-10-24T14:28:24.688Z"
    },
    {
      "id": 150,
      "usdToUah": "41.892862",
      "btcToUsd": "110121",
      "ethToUsd": "3920.73",
      "updatedAt": "2025-10-24T14:28:54.688Z"
    },
    {
      "id": 151,
      "usdToUah": "41.892862",
      "btcToUsd": "109885",
      "ethToUsd": "3904.84",
      "updatedAt": "2025-10-24T14:29:07.086Z"
    },
    {
      "id": 152,
      "usdToUah": "41.892862",
      "btcToUsd": "109885",
      "ethToUsd": "3904.84",
      "updatedAt": "2025-10-24T14:29:36.398Z"
    },
    {
      "id": 153,
      "usdToUah": "41.892862",
      "btcToUsd": "109885",
      "ethToUsd": "3904.84",
      "updatedAt": "2025-10-24T14:30:06.399Z"
    },
    {
      "id": 154,
      "usdToUah": "41.892862",
      "btcToUsd": "109885",
      "ethToUsd": "3904.84",
      "updatedAt": "2025-10-24T14:30:36.399Z"
    },
    {
      "id": 155,
      "usdToUah": "41.892862",
      "btcToUsd": "109885",
      "ethToUsd": "3904.84",
      "updatedAt": "2025-10-24T14:31:06.400Z"
    },
    {
      "id": 156,
      "usdToUah": "41.892862",
      "btcToUsd": "109885",
      "ethToUsd": "3904.84",
      "updatedAt": "2025-10-24T14:31:36.400Z"
    },
    {
      "id": 157,
      "usdToUah": "41.892862",
      "btcToUsd": "109885",
      "ethToUsd": "3904.84",
      "updatedAt": "2025-10-24T14:32:06.401Z"
    },
    {
      "id": 158,
      "usdToUah": "41.892862",
      "btcToUsd": "109885",
      "ethToUsd": "3904.84",
      "updatedAt": "2025-10-24T14:32:36.402Z"
    },
    {
      "id": 159,
      "usdToUah": "41.892862",
      "btcToUsd": "109885",
      "ethToUsd": "3904.84",
      "updatedAt": "2025-10-24T14:33:06.401Z"
    }
  ],
  "backupDate": "2025-10-24T14-33-36-095Z",
  "version": "1.0"
}