{
  "users": [],
  "cards": [],
  "transactions": [],
  "rates": [
    {
      "id": 1,
      "usdToUah": "40.5",
      "btcToUsd": "65000",
      "ethToUsd": "3500",
      "updatedAt": "2025-10-24T13:18:17.399Z"
    },
    {
      "id": 2,
      "usdToUah": "41.892862",
      "btcToUsd": "111268",
      "ethToUsd": "3969.58",
      "updatedAt": "2025-10-24T13:18:45.822Z"
    },
    {
      "id": 3,
      "usdToUah": "40.5",
      "btcToUsd": "65000",
      "ethToUsd": "3500",
      "updatedAt": "2025-10-24T13:18:48.246Z"
    },
    {
      "id": 4,
      "usdToUah": "41.892862",
      "btcToUsd": "111268",
      "ethToUsd": "3969.58",
      "updatedAt": "2025-10-24T13:19:14.888Z"
    },
    {
      "id": 5,
      "usdToUah": "41.892862",
      "btcToUsd": "111289",
      "ethToUsd": "3970.53",
      "updatedAt": "2025-10-24T13:19:50.219Z"
    },
    {
      "id": 6,
      "usdToUah": "40.5",
      "btcToUsd": "65000",
      "ethToUsd": "3500",
      "updatedAt": "2025-10-24T13:19:52.676Z"
    },
    {
      "id": 7,
      "usdToUah": "41.892862",
      "btcToUsd": "111289",
      "ethToUsd": "3970.53",
      "updatedAt": "2025-10-24T13:20:19.605Z"
    },
    {
      "id": 8,
      "usdToUah": "41.892862",
      "btcToUsd": "111289",
      "ethToUsd": "3970.53",
      "updatedAt": "2025-10-24T13:20:50.132Z"
    },
    {
      "id": 9,
      "usdToUah": "40.5",
      "btcToUsd": "65000",
      "ethToUsd": "3500",
      "updatedAt": "2025-10-24T13:20:53.873Z"
    },
    {
      "id": 10,
      "usdToUah": "41.892862",
      "btcToUsd": "111289",
      "ethToUsd": "3970.53",
      "updatedAt": "2025-10-24T13:21:19.604Z"
    },
    {
      "id": 11,
      "usdToUah": "41.892862",
      "btcToUsd": "111289",
      "ethToUsd": "3970.53",
      "updatedAt": "2025-10-24T13:21:49.604Z"
    },
    {
      "id": 12,
      "usdToUah": "41.892862",
      "btcToUsd": "111289",
      "ethToUsd": "3970.53",
      "updatedAt": "2025-10-24T13:22:19.604Z"
    },
    {
      "id": 13,
      "usdToUah": "41.892862",
      "btcToUsd": "111340",
      "ethToUsd": "3973.35",
      "updatedAt": "2025-10-24T13:22:51.244Z"
    },
    {
      "id": 14,
      "usdToUah": "40.5",
      "btcToUsd": "65000",
      "ethToUsd": "3500",
      "updatedAt": "2025-10-24T13:22:53.663Z"
    }
  ],
  "backupDate": "2025-10-24T13-23-22-919Z",
  "version": "1.0"
}