INSERT INTO users (id, username, password, is_regulator, regulator_balance, last_nft_generation, nft_generation_count) VALUES
(1, 'maksim88', 'zh5S4n7CmpDFBpn', false, 0.00000000, NULL, 0),
(4, 'Durov1', 'sxy8Mnm3jxiFaVT', false, 0.00000000, NULL, 0),
(5, 'DianaTomkina', 'A12345678', false, 0.00000000, NULL, 0),
(3, 'regulator', 'Regulator123', true, 500000.00000003, NULL, 0),
(2, 'admin', 'admin123', true, 45684744.35841934, NULL, 0);

INSERT INTO cards (id, user_id, type, number, expiry, cvv, balance, btc_balance, eth_balance, btc_address, eth_address) VALUES
(3, 1, 'uah', '4113907910039456', '08/28', '781', 0.00000000, 0.00000000, 0.00000000, NULL, NULL),
(1, 1, 'crypto', '4111681126189854', '08/28', '165', 0.00000000, 0.00000000, 0.00000000, '1GWzB5z23nWRwz952sfMPvdxDsRTkhWyss', '0x441e217F7C659DFA9C7cf5Cb5D574043b0B865f7'),
(5, 3, 'uah', '4111 6811 2618 5286', '08/28', '336', 40000.00000000, 0.00000000, 0.00000000, NULL, NULL),
(4, 3, 'usd', '4111 6811 2618 7940', '08/28', '407', 1000.00000000, 0.00000000, 0.00000000, NULL, NULL),
(2, 1, 'usd', '4112322062136520', '08/28', '736', 11500.90000000, 0.00000000, 0.00000000, NULL, NULL),
(7, 4, 'crypto', '4111263674099173', '08/28', '890', 0.00000000, 0.00000000, 0.00000000, '16XN8oULvD1zuTeg3RBWGfN9kCMMhjfAws', '0x74878D20F241595324b24Ac8F7F6399a60d2C12C'),
(8, 4, 'usd', '4112747576954276', '08/28', '209', 0.00000000, 0.00000000, 0.00000000, NULL, NULL),
(9, 4, 'uah', '4113099627577767', '08/28', '903', 0.00000000, 0.00000000, 0.00000000, NULL, NULL),
(11, 5, 'usd', '4112520252004718', '08/28', '378', 0.00000000, 0.00000000, 0.00000000, NULL, NULL),
(6, 3, 'crypto', '4111 6811 2618 9390', '08/28', '276', 0.00000000, 937996.42147000, 36800.78130570, '1NeGKbeLmAvNEvg7ZHfE6mgsQQyynTrrMY', '0xFB734f2527B58d1fe46477042428Ad7dC557afCd'),
(12, 5, 'uah', '4113086489300030', '08/28', '571', 86760.32000000, 0.00000000, 0.00000000, NULL, NULL),
(10, 5, 'crypto', '4111357202311723', '08/28', '195', 0.00000000, 0.27893224, 0.00000000, '17hBLXfBeSTiiMrcbv5ZWbU9DEoS1HnioV', '0x7375AEb78FF61bf2EC058c6216d8a74621B2f115');

INSERT INTO transactions (id, from_card_id, to_card_id, amount, converted_amount, type, wallet, status, created_at, description, from_card_number, to_card_number) VALUES
(1, 6, 2, 0.10000000, 11500.90000000, 'transfer', NULL, 'completed', '2025-08-23T13:55:45.037Z', 'Перевод 0.10000000 CRYPTO → 11500.90 USD (курс: 115009.00)', '4111 6811 2618 9390', '4112322062136520'),
(2, 6, 2, 0.00100000, 0.00000001, 'commission', NULL, 'completed', '2025-08-23T13:55:45.386Z', 'Комиссия за перевод (0.00000001 BTC)', '4111 6811 2618 9390', 'REGULATOR'),
(3, 6, 12, 0.30000000, 1423978.10400000, 'transfer', NULL, 'completed', '2025-08-23T15:48:53.739Z', 'Перевод 0.30000000 CRYPTO → 1423978.10 UAH (курс: 4746593.68)', '4111 6811 2618 9390', '4113086489300030'),
(4, 6, 3, 0.00300000, 0.00000003, 'commission', NULL, 'completed', '2025-08-23T15:48:54.085Z', 'Комиссия за перевод (0.00000003 BTC)', '4111 6811 2618 9390', 'REGULATOR'),
(5, 12, 10, 1323978.00000000, 0.27893224, 'crypto_transfer', '17hBLXfBeSTiiMrcbv5ZWbU9DEoS1HnioV', 'completed', '2025-08-23T15:50:41.499Z', 'Конвертация 1323978.00 UAH → 0.27893224 BTC и отправка на адрес 17hBLXfBeSTiiMrcbv5ZWbU9DEoS1HnioV (внутренний перевод)', '4113086489300030', '4111357202311723'),
(6, 12, 2, 13239.78000000, 0.00278932, 'commission', NULL, 'completed', '2025-08-23T15:50:41.848Z', 'Комиссия за перевод BTC (0.00278932 BTC)', '4113086489300030', 'REGULATOR');

INSERT INTO exchange_rates (id, usd_to_uah, btc_to_usd, eth_to_usd, updated_at) VALUES
(1, 41.32, 115119.00, 4718.41, '2025-08-23T13:14:07.141Z'),
(2, 40.50, 65000.00, 3500.00, '2025-08-23T13:14:11.606Z'),
(3, 41.32, 115119.00, 4718.41, '2025-08-23T13:14:36.016Z'),
(4, 41.32, 115119.00, 4718.41, '2025-08-23T13:15:06.016Z'),
(5, 41.32, 115119.00, 4718.41, '2025-08-23T13:15:36.016Z'),
(6, 41.32, 115119.00, 4718.41, '2025-08-23T13:16:06.016Z'),
(7, 41.32, 115119.00, 4718.41, '2025-08-23T13:16:36.016Z'),
(8, 41.32, 115119.00, 4718.41, '2025-08-23T13:17:06.016Z'),
(9, 41.32, 115119.00, 4718.41, '2025-08-23T13:17:36.016Z'),
(10, 41.32, 115119.00, 4718.41, '2025-08-23T13:18:06.017Z'),
(11, 41.32, 115119.00, 4718.41, '2025-08-23T13:18:36.017Z'),
(12, 41.32, 115119.00, 4718.41, '2025-08-23T13:19:06.017Z'),
(13, 41.32, 115124.00, 4720.29, '2025-08-23T13:19:36.219Z'),
(14, 41.32, 115124.00, 4720.29, '2025-08-23T13:20:06.018Z'),
(15, 41.32, 115124.00, 4720.29, '2025-08-23T13:20:36.019Z'),
(16, 41.32, 115124.00, 4720.29, '2025-08-23T13:21:06.018Z'),
(17, 41.32, 115124.00, 4720.29, '2025-08-23T13:21:36.019Z'),
(18, 41.32, 115124.00, 4720.29, '2025-08-23T13:22:06.019Z'),
(19, 41.32, 115124.00, 4720.29, '2025-08-23T13:22:36.020Z'),
(20, 41.32, 115124.00, 4720.29, '2025-08-23T13:23:06.020Z'),
(21, 41.32, 115069.00, 4718.32, '2025-08-23T13:23:34.018Z'),
(22, 41.32, 115069.00, 4718.32, '2025-08-23T13:24:02.837Z'),
(23, 41.32, 115069.00, 4718.32, '2025-08-23T13:24:32.837Z'),
(24, 41.32, 115069.00, 4718.32, '2025-08-23T13:25:02.837Z'),
(25, 41.32, 115069.00, 4718.32, '2025-08-23T13:25:32.837Z'),
(26, 41.32, 115069.00, 4718.32, '2025-08-23T13:26:02.837Z'),
(27, 41.32, 115069.00, 4718.32, '2025-08-23T13:26:32.837Z'),
(28, 41.32, 115069.00, 4718.32, '2025-08-23T13:27:02.837Z'),
(29, 41.32, 115069.00, 4718.32, '2025-08-23T13:27:32.837Z'),
(30, 41.32, 115069.00, 4718.32, '2025-08-23T13:28:02.837Z'),
(31, 41.32, 115069.00, 4718.32, '2025-08-23T13:28:32.837Z'),
(32, 41.32, 115064.00, 4717.14, '2025-08-23T13:29:03.019Z'),
(33, 41.32, 115064.00, 4717.14, '2025-08-23T13:29:32.838Z'),
(34, 41.32, 115064.00, 4717.14, '2025-08-23T13:30:02.839Z'),
(35, 41.32, 115052.00, 4719.61, '2025-08-23T13:30:27.476Z'),
(36, 41.32, 115052.00, 4719.61, '2025-08-23T13:30:56.258Z'),
(37, 41.32, 115052.00, 4719.61, '2025-08-23T13:31:26.258Z'),
(38, 41.32, 115052.00, 4719.61, '2025-08-23T13:31:56.258Z'),
(39, 41.32, 115052.00, 4719.61, '2025-08-23T13:32:26.258Z'),
(40, 41.32, 115052.00, 4719.61, '2025-08-23T13:32:56.258Z'),
(41, 41.32, 115052.00, 4719.61, '2025-08-23T13:33:26.258Z'),
(42, 41.32, 115052.00, 4719.61, '2025-08-23T13:33:56.258Z'),
(43, 41.32, 115052.00, 4719.61, '2025-08-23T13:34:26.258Z'),
(44, 41.32, 115052.00, 4719.61, '2025-08-23T13:34:56.258Z'),
(45, 41.32, 115052.00, 4719.61, '2025-08-23T13:35:26.258Z'),
(46, 41.32, 114926.00, 4723.21, '2025-08-23T13:35:56.414Z'),
(47, 41.32, 114926.00, 4723.21, '2025-08-23T13:36:18.841Z'),
(48, 41.32, 114926.00, 4723.21, '2025-08-23T13:36:48.197Z'),
(49, 41.32, 114926.00, 4723.21, '2025-08-23T13:37:18.198Z'),
(50, 41.32, 114926.00, 4723.21, '2025-08-23T13:37:48.198Z'),
(51, 41.32, 114926.00, 4723.21, '2025-08-23T13:38:18.197Z'),
(52, 41.32, 114926.00, 4723.21, '2025-08-23T13:38:48.198Z'),
(53, 41.32, 114926.00, 4723.21, '2025-08-23T13:39:18.198Z'),
(54, 41.32, 114926.00, 4723.21, '2025-08-23T13:39:48.198Z'),
(55, 41.32, 114926.00, 4723.21, '2025-08-23T13:40:18.198Z'),
(56, 41.32, 114926.00, 4723.21, '2025-08-23T13:40:48.198Z'),
(57, 41.32, 114926.00, 4723.21, '2025-08-23T13:41:18.198Z'),
(58, 41.32, 114810.00, 4717.71, '2025-08-23T13:41:48.409Z'),
(59, 41.32, 114810.00, 4717.71, '2025-08-23T13:42:18.198Z'),
(60, 41.32, 114810.00, 4717.71, '2025-08-23T13:42:48.198Z'),
(61, 41.32, 114810.00, 4717.71, '2025-08-23T13:43:18.198Z'),
(62, 41.32, 114810.00, 4717.71, '2025-08-23T13:43:48.198Z'),
(63, 41.32, 114810.00, 4717.71, '2025-08-23T13:44:18.198Z'),
(64, 41.32, 114810.00, 4717.71, '2025-08-23T13:44:48.198Z'),
(65, 41.32, 114810.00, 4717.71, '2025-08-23T13:45:18.198Z'),
(66, 41.32, 114850.00, 4715.30, '2025-08-23T13:45:39.928Z'),
(67, 41.32, 114850.00, 4715.30, '2025-08-23T13:46:09.491Z'),
(68, 41.32, 114850.00, 4715.30, '2025-08-23T13:46:39.491Z'),
(69, 41.32, 114850.00, 4715.30, '2025-08-23T13:47:09.491Z'),
(70, 41.32, 114850.00, 4715.30, '2025-08-23T13:47:39.491Z'),
(71, 41.32, 114850.00, 4715.30, '2025-08-23T13:48:09.491Z'),
(72, 41.32, 114850.00, 4715.30, '2025-08-23T13:48:39.491Z'),
(73, 41.32, 114850.00, 4715.30, '2025-08-23T13:49:09.491Z'),
(74, 41.32, 114850.00, 4715.30, '2025-08-23T13:49:39.491Z'),
(75, 41.32, 114850.00, 4715.30, '2025-08-23T13:50:09.491Z'),
(76, 41.32, 114850.00, 4715.30, '2025-08-23T13:50:39.492Z'),
(77, 41.32, 114973.00, 4722.93, '2025-08-23T13:51:09.668Z'),
(78, 41.32, 114973.00, 4722.93, '2025-08-23T13:51:39.492Z'),
(79, 41.32, 115009.00, 4723.10, '2025-08-23T13:51:58.178Z'),
(80, 41.32, 115009.00, 4723.10, '2025-08-23T13:52:27.496Z'),
(81, 41.32, 115009.00, 4723.10, '2025-08-23T13:52:57.496Z'),
(82, 41.32, 115009.00, 4723.10, '2025-08-23T13:53:27.496Z'),
(83, 41.32, 115009.00, 4723.10, '2025-08-23T13:53:57.495Z'),
(84, 41.32, 115009.00, 4723.10, '2025-08-23T13:54:27.496Z'),
(85, 41.32, 115009.00, 4723.10, '2025-08-23T13:54:57.496Z'),
(86, 41.32, 115009.00, 4723.10, '2025-08-23T13:55:27.496Z'),
(87, 41.32, 115009.00, 4723.10, '2025-08-23T13:55:57.496Z'),
(88, 41.32, 115009.00, 4723.10, '2025-08-23T13:56:27.496Z'),
(89, 41.32, 115009.00, 4723.10, '2025-08-23T13:56:57.496Z'),
(90, 41.32, 114882.00, 4720.74, '2025-08-23T13:57:27.679Z'),
(91, 41.32, 114882.00, 4720.74, '2025-08-23T13:57:57.498Z'),
(92, 41.32, 114882.00, 4720.74, '2025-08-23T13:58:27.498Z'),
(93, 41.32, 114882.00, 4720.74, '2025-08-23T13:58:57.498Z'),
(94, 41.32, 114882.00, 4720.74, '2025-08-23T13:59:27.498Z'),
(95, 41.32, 114882.00, 4720.74, '2025-08-23T13:59:57.498Z'),
(96, 41.32, 114882.00, 4720.74, '2025-08-23T14:00:27.498Z'),
(97, 41.32, 114882.00, 4720.74, '2025-08-23T14:00:57.498Z'),
(98, 41.32, 114882.00, 4720.74, '2025-08-23T14:01:27.499Z'),
(99, 41.32, 114882.00, 4720.74, '2025-08-23T14:01:57.500Z'),
(100, 41.32, 114882.00, 4720.74, '2025-08-23T14:02:27.499Z'),
(101, 41.32, 114804.00, 4716.90, '2025-08-23T14:02:57.691Z'),
(102, 41.32, 114804.00, 4716.90, '2025-08-23T14:03:27.499Z'),
(103, 41.32, 114804.00, 4716.90, '2025-08-23T14:03:57.500Z'),
(104, 41.32, 114804.00, 4716.90, '2025-08-23T14:04:27.500Z'),
(105, 41.32, 114804.00, 4716.90, '2025-08-23T14:04:57.500Z'),
(106, 41.32, 114804.00, 4716.90, '2025-08-23T14:05:27.500Z'),
(107, 41.32, 114804.00, 4716.90, '2025-08-23T14:05:57.500Z'),
(108, 41.32, 114804.00, 4716.90, '2025-08-23T14:06:27.500Z'),
(109, 41.32, 114804.00, 4716.90, '2025-08-23T14:06:57.500Z'),
(110, 41.32, 114804.00, 4716.90, '2025-08-23T14:07:27.501Z'),
(111, 41.32, 114804.00, 4716.90, '2025-08-23T14:07:57.501Z'),
(112, 41.32, 114808.00, 4719.26, '2025-08-23T14:08:27.694Z'),
(113, 41.32, 114808.00, 4719.26, '2025-08-23T14:08:57.500Z'),
(114, 41.32, 114808.00, 4719.26, '2025-08-23T14:09:27.501Z'),
(115, 41.32, 114808.00, 4719.26, '2025-08-23T14:09:57.501Z'),
(116, 41.32, 114822.00, 4720.13, '2025-08-23T14:10:28.250Z'),
(117, 41.32, 114822.00, 4720.13, '2025-08-23T14:10:57.704Z'),
(118, 41.32, 114822.00, 4720.13, '2025-08-23T14:11:27.704Z'),
(119, 41.32, 114840.00, 4720.73, '2025-08-23T14:11:44.352Z'),
(120, 41.32, 114840.00, 4720.73, '2025-08-23T14:12:13.116Z'),
(121, 41.32, 114855.00, 4722.71, '2025-08-23T14:12:32.665Z'),
(122, 41.32, 114855.00, 4722.71, '2025-08-23T14:13:02.227Z'),
(123, 41.32, 114855.00, 4722.71, '2025-08-23T14:13:17.113Z'),
(126, 41.32, 114855.00, 4722.71, '2025-08-23T14:14:45.483Z'),
(140, 41.32, 114888.00, 4732.90, '2025-08-23T14:21:45.483Z'),
(142, 41.32, 114888.00, 4732.90, '2025-08-23T14:22:45.484Z'),
(144, 41.32, 114888.00, 4732.90, '2025-08-23T14:23:45.485Z'),
(145, 41.32, 114921.00, 4740.71, '2025-08-23T14:24:15.658Z'),
(146, 41.32, 114921.00, 4740.71, '2025-08-23T14:24:45.485Z'),
(148, 41.32, 114921.00, 4740.71, '2025-08-23T14:25:45.486Z'),
(155, 41.32, 114921.00, 4740.71, '2025-08-23T14:29:15.497Z'),
(1224, 41.32, 115332.00, 4777.31, '2025-08-24T00:21:29.704Z'),
(1225, 41.32, 115331.00, 4779.48, '2025-08-24T00:21:51.987Z'),
(1231, 41.32, 115331.00, 4779.48, '2025-08-24T00:23:21.988Z'),
(1233, 41.32, 115331.00, 4779.48, '2025-08-24T00:23:51.988Z'),
(1234, 41.32, 115332.00, 4777.31, '2025-08-24T00:23:59.497Z'),
(1235, 41.32, 115331.00, 4779.48, '2025-08-24T00:24:21.988Z'),
(1236, 41.32, 115332.00, 4777.31, '2025-08-24T00:24:29.497Z'),
(1237, 41.32, 115331.00, 4779.48, '2025-08-24T00:24:51.988Z'),
(1246, 41.32, 115352.00, 4781.74, '2025-08-24T00:26:59.663Z'),
(1254, 41.32, 115352.00, 4781.74, '2025-08-24T00:28:59.499Z'),
(1264, 41.32, 115352.00, 4781.74, '2025-08-24T00:31:29.500Z'),
(1265, 41.32, 115372.00, 4789.37, '2025-08-24T00:31:51.996Z'),
(1267, 41.32, 115372.00, 4789.37, '2025-08-24T00:32:21.996Z'),
(1268, 41.32, 115380.00, 4793.05, '2025-08-24T00:32:29.705Z'),
(1269, 41.32, 115372.00, 4789.37, '2025-08-24T00:32:51.996Z'),
(1655, 41.32, 114937.00, 4781.84, '2025-08-24T06:02:31.341Z'),
(1657, 41.32, 114937.00, 4781.84, '2025-08-24T06:03:31.342Z'),
(1658, 41.32, 114937.00, 4781.84, '2025-08-24T06:04:01.342Z'),
(1659, 41.32, 114947.00, 4780.74, '2025-08-24T06:04:31.497Z'),
(1664, 41.32, 114947.00, 4780.74, '2025-08-24T06:07:01.344Z'),
(1665, 41.32, 114947.00, 4780.74, '2025-08-24T06:07:31.343Z'),
(1666, 41.32, 114947.00, 4780.74, '2025-08-24T06:08:01.344Z'),
(1667, 41.32, 114947.00, 4780.74, '2025-08-24T06:08:31.343Z'),
(1668, 41.32, 114947.00, 4780.74, '2025-08-24T06:09:01.343Z'),
(1669, 41.32, 114947.00, 4780.74, '2025-08-24T06:09:31.343Z'),
(1671, 41.32, 114895.00, 4783.08, '2025-08-24T06:10:31.343Z'),
(1672, 41.32, 114895.00, 4783.08, '2025-08-24T06:11:01.344Z'),
(1673, 41.32, 114895.00, 4783.08, '2025-08-24T06:11:31.344Z'),
(1674, 41.32, 114895.00, 4783.08, '2025-08-24T06:12:01.344Z'),
(1675, 41.32, 114895.00, 4783.08, '2025-08-24T06:12:31.345Z'),
(1676, 41.32, 114895.00, 4783.08, '2025-08-24T06:13:01.344Z'),
(1677, 41.32, 114895.00, 4783.08, '2025-08-24T06:13:31.344Z'),
(1678, 41.32, 114906.00, 4783.82, '2025-08-24T06:13:47.111Z'),
(1679, 41.32, 114906.00, 4783.82, '2025-08-24T06:14:16.427Z'),
(1680, 41.32, 114906.00, 4783.82, '2025-08-24T06:14:46.427Z'),
(1681, 41.32, 114906.00, 4783.82, '2025-08-24T06:15:16.427Z'),
(1682, 41.32, 114906.00, 4783.82, '2025-08-24T06:15:46.427Z'),
(1683, 41.32, 114906.00, 4783.82, '2025-08-24T06:16:16.427Z'),
(1684, 41.32, 114906.00, 4783.82, '2025-08-24T06:16:46.428Z'),
(1685, 41.32, 114906.00, 4783.82, '2025-08-24T06:17:16.430Z'),
(1686, 41.32, 114906.00, 4783.82, '2025-08-24T06:17:46.430Z'),
(1687, 41.32, 114906.00, 4783.82, '2025-08-24T06:18:16.430Z'),
(1864, 41.32, 114962.00, 4769.20, '2025-08-24T07:50:48.056Z'),
(1865, 41.32, 114962.00, 4769.20, '2025-08-24T07:51:17.889Z'),
(1866, 41.32, 114962.00, 4769.20, '2025-08-24T07:51:47.888Z'),
(1867, 41.32, 114962.00, 4769.20, '2025-08-24T07:52:17.888Z'),
(1870, 41.32, 114962.00, 4769.20, '2025-08-24T07:53:47.890Z'),
(1874, 41.32, 114962.00, 4769.20, '2025-08-24T07:55:47.890Z'),
(1876, 41.32, 114878.00, 4765.52, '2025-08-24T07:56:47.890Z'),
(1877, 41.32, 114878.00, 4765.52, '2025-08-24T07:57:17.890Z'),
(1878, 41.32, 114878.00, 4765.52, '2025-08-24T07:57:47.890Z'),
(1879, 41.32, 114878.00, 4765.52, '2025-08-24T07:58:17.891Z'),
(1880, 41.32, 114878.00, 4765.52, '2025-08-24T07:58:47.891Z'),
(1882, 41.32, 114878.00, 4765.52, '2025-08-24T07:59:47.891Z'),
(1885, 41.32, 114878.00, 4765.52, '2025-08-24T08:01:17.892Z'),
(1888, 41.32, 114858.00, 4757.96, '2025-08-24T08:02:47.893Z'),
(1889, 41.32, 114858.00, 4757.96, '2025-08-24T08:03:17.893Z'),
(1890, 41.32, 114858.00, 4757.96, '2025-08-24T08:03:47.893Z'),
(1892, 41.32, 114858.00, 4757.96, '2025-08-24T08:04:47.893Z'),
(1894, 41.32, 114858.00, 4757.96, '2025-08-24T08:05:47.894Z'),
(1897, 41.32, 114763.00, 4755.97, '2025-08-24T08:07:18.059Z'),
(1898, 41.32, 114763.00, 4755.97, '2025-08-24T08:07:47.894Z'),
(1899, 41.32, 114763.00, 4755.97, '2025-08-24T08:08:17.894Z'),
(1900, 41.32, 114763.00, 4755.97, '2025-08-24T08:08:47.894Z'),
(1903, 41.32, 114763.00, 4755.97, '2025-08-24T08:10:17.894Z'),
(1906, 41.32, 114763.00, 4755.97, '2025-08-24T08:11:47.895Z'),
(1907, 41.32, 114763.00, 4755.97, '2025-08-24T08:12:17.894Z'),
(124, 41.32, 114855.00, 4722.71, '2025-08-23T14:13:45.483Z'),
(125, 41.32, 114855.00, 4722.71, '2025-08-23T14:14:15.482Z'),
(127, 41.32, 114855.00, 4722.71, '2025-08-23T14:15:15.483Z'),
(128, 41.32, 114855.00, 4722.71, '2025-08-23T14:15:45.483Z'),
(129, 41.32, 114855.00, 4722.71, '2025-08-23T14:16:15.483Z'),
(130, 41.32, 114855.00, 4722.71, '2025-08-23T14:16:45.483Z'),
(131, 41.32, 114855.00, 4722.71, '2025-08-23T14:17:15.483Z'),
(132, 41.32, 114855.00, 4722.71, '2025-08-23T14:17:45.482Z'),
(133, 41.32, 114855.00, 4722.71, '2025-08-23T14:18:15.483Z'),
(134, 41.32, 114888.00, 4732.90, '2025-08-23T14:18:45.686Z'),
(136, 41.32, 114888.00, 4732.90, '2025-08-23T14:19:45.482Z'),
(141, 41.32, 114888.00, 4732.90, '2025-08-23T14:22:15.484Z'),
(143, 41.32, 114888.00, 4732.90, '2025-08-23T14:23:15.485Z'),
(147, 41.32, 114921.00, 4740.71, '2025-08-23T14:25:15.485Z'),
(152, 41.32, 114921.00, 4740.71, '2025-08-23T14:27:45.490Z'),
(1226, 41.32, 115332.00, 4777.31, '2025-08-24T00:21:59.494Z'),
(1228, 41.32, 115332.00, 4777.31, '2025-08-24T00:22:29.494Z'),
(1241, 41.32, 115352.00, 4781.30, '2025-08-24T00:25:52.126Z'),
(1243, 41.32, 115352.00, 4781.30, '2025-08-24T00:26:21.990Z'),
(1247, 41.32, 115352.00, 4781.30, '2025-08-24T00:27:21.995Z'),
(1248, 41.32, 115352.00, 4781.74, '2025-08-24T00:27:29.498Z'),
(1250, 41.32, 115352.00, 4781.74, '2025-08-24T00:27:59.499Z'),
(1255, 41.32, 115352.00, 4781.30, '2025-08-24T00:29:21.996Z'),
(1260, 41.32, 115352.00, 4781.74, '2025-08-24T00:30:29.500Z'),
(1261, 41.32, 115352.00, 4781.30, '2025-08-24T00:30:51.996Z'),
(1262, 41.32, 115352.00, 4781.74, '2025-08-24T00:30:59.500Z'),
(1263, 41.32, 115372.00, 4789.37, '2025-08-24T00:31:22.245Z'),
(1266, 41.32, 115352.00, 4781.74, '2025-08-24T00:31:59.501Z'),
(1270, 41.32, 115380.00, 4793.05, '2025-08-24T00:32:59.501Z'),
(1271, 41.32, 115372.00, 4789.37, '2025-08-24T00:33:21.996Z'),
(1656, 41.32, 114937.00, 4781.84, '2025-08-24T06:03:01.341Z'),
(1660, 41.32, 114947.00, 4780.74, '2025-08-24T06:05:01.343Z'),
(1661, 41.32, 114947.00, 4780.74, '2025-08-24T06:05:31.343Z'),
(1662, 41.32, 114947.00, 4780.74, '2025-08-24T06:06:01.343Z'),
(1663, 41.32, 114947.00, 4780.74, '2025-08-24T06:06:31.343Z'),
(1670, 41.32, 114895.00, 4783.08, '2025-08-24T06:10:01.508Z'),
(1868, 41.32, 114962.00, 4769.20, '2025-08-24T07:52:47.888Z'),
(1869, 41.32, 114962.00, 4769.20, '2025-08-24T07:53:17.889Z'),
(1871, 41.32, 114962.00, 4769.20, '2025-08-24T07:54:17.890Z'),
(1872, 41.32, 114962.00, 4769.20, '2025-08-24T07:54:47.890Z'),
(1873, 41.32, 114962.00, 4769.20, '2025-08-24T07:55:17.890Z'),
(1875, 41.32, 114878.00, 4765.52, '2025-08-24T07:56:18.060Z'),
(135, 41.32, 114888.00, 4732.90, '2025-08-23T14:19:15.482Z'),
(137, 41.32, 114888.00, 4732.90, '2025-08-23T14:20:15.483Z'),
(138, 41.32, 114888.00, 4732.90, '2025-08-23T14:20:45.482Z'),
(139, 41.32, 114888.00, 4732.90, '2025-08-23T14:21:15.483Z'),
(149, 41.32, 114921.00, 4740.71, '2025-08-23T14:26:15.490Z'),
(150, 41.32, 114921.00, 4740.71, '2025-08-23T14:26:45.491Z'),
(151, 41.32, 114921.00, 4740.71, '2025-08-23T14:27:15.491Z'),
(153, 41.32, 114921.00, 4740.71, '2025-08-23T14:28:15.491Z'),
(154, 41.32, 114921.00, 4740.71, '2025-08-23T14:28:45.497Z'),
(156, 41.32, 114689.00, 4735.38, '2025-08-23T15:18:49.794Z'),
(157, 41.32, 114689.00, 4735.38, '2025-08-23T15:19:14.792Z'),
(158, 41.32, 114689.00, 4735.38, '2025-08-23T15:19:44.210Z'),
(159, 41.32, 114689.00, 4735.38, '2025-08-23T15:20:14.210Z'),
(160, 41.32, 114689.00, 4735.38, '2025-08-23T15:20:44.210Z'),
(161, 41.32, 114689.00, 4735.38, '2025-08-23T15:21:14.210Z'),
(162, 41.32, 114689.00, 4735.38, '2025-08-23T15:21:44.211Z'),
(163, 41.32, 114689.00, 4735.38, '2025-08-23T15:22:14.212Z'),
(164, 41.32, 114772.00, 4741.56, '2025-08-23T15:22:40.634Z'),
(165, 41.32, 114689.00, 4735.38, '2025-08-23T15:22:44.212Z'),
(166, 41.32, 114791.00, 4745.37, '2025-08-23T15:23:07.277Z'),
(167, 41.32, 114689.00, 4735.38, '2025-08-23T15:23:14.213Z'),
(168, 41.32, 114791.00, 4745.37, '2025-08-23T15:23:37.559Z'),
(169, 41.32, 114689.00, 4735.38, '2025-08-23T15:23:44.213Z'),
(170, 41.32, 114791.00, 4745.37, '2025-08-23T15:24:06.437Z'),
(171, 41.32, 114689.00, 4735.38, '2025-08-23T15:24:14.213Z'),
(172, 41.32, 114844.00, 4743.87, '2025-08-23T15:24:44.447Z'),
(173, 41.32, 114844.00, 4743.87, '2025-08-23T15:25:04.915Z'),
(174, 41.32, 114844.00, 4743.87, '2025-08-23T15:25:14.215Z'),
(175, 41.32, 114844.00, 4743.87, '2025-08-23T15:25:37.101Z'),
(176, 41.32, 114844.00, 4743.87, '2025-08-23T15:25:44.215Z'),
(177, 41.32, 114844.00, 4743.87, '2025-08-23T15:26:06.494Z'),
(178, 41.32, 114844.00, 4743.87, '2025-08-23T15:26:14.215Z'),
(179, 41.32, 114844.00, 4743.87, '2025-08-23T15:26:44.216Z'),
(180, 41.32, 114844.00, 4743.87, '2025-08-23T15:27:14.216Z'),
(181, 41.32, 114844.00, 4743.87, '2025-08-23T15:27:44.216Z'),
(182, 41.32, 114844.00, 4743.87, '2025-08-23T15:28:14.216Z'),
(183, 41.32, 114844.00, 4743.87, '2025-08-23T15:28:44.216Z'),
(184, 41.32, 114844.00, 4743.87, '2025-08-23T15:29:14.216Z'),
(185, 41.32, 114844.00, 4743.87, '2025-08-23T15:29:44.216Z'),
(186, 41.32, 114839.00, 4739.85, '2025-08-23T15:29:53.975Z'),
(187, 41.32, 114839.00, 4739.85, '2025-08-23T15:30:14.430Z'),
(188, 41.32, 114839.00, 4739.85, '2025-08-23T15:30:23.409Z'),
(189, 41.32, 114839.00, 4739.85, '2025-08-23T15:30:44.216Z'),
(190, 41.32, 114862.00, 4741.72, '2025-08-23T15:30:52.687Z'),
(191, 41.32, 114839.00, 4739.85, '2025-08-23T15:31:14.216Z'),
(192, 41.32, 114862.00, 4741.72, '2025-08-23T15:31:22.280Z'),
(193, 41.32, 114839.00, 4739.85, '2025-08-23T15:31:44.216Z'),
(194, 41.32, 114862.00, 4741.72, '2025-08-23T15:31:52.281Z'),
(195, 41.32, 114839.00, 4739.85, '2025-08-23T15:32:14.216Z'),
(196, 41.32, 114862.00, 4741.72, '2025-08-23T15:32:22.281Z'),
(197, 41.32, 114839.00, 4739.85, '2025-08-23T15:32:44.216Z'),
(198, 41.32, 114839.00, 4739.85, '2025-08-23T15:33:14.217Z'),
(199, 41.32, 114839.00, 4739.85, '2025-08-23T15:33:44.217Z'),
(200, 41.32, 114839.00, 4739.85, '2025-08-23T15:34:14.217Z'),
(201, 41.32, 114839.00, 4739.85, '2025-08-23T15:34:44.218Z'),
(202, 41.32, 114839.00, 4739.85, '2025-08-23T15:35:14.218Z'),
(203, 41.32, 114845.00, 4738.50, '2025-08-23T15:35:21.016Z'),
(204, 41.32, 114845.00, 4738.50, '2025-08-23T15:35:44.398Z'),
(205, 41.32, 114838.00, 4738.65, '2025-08-23T15:35:55.389Z'),
(206, 41.32, 114845.00, 4738.50, '2025-08-23T15:36:14.219Z'),
(207, 41.32, 114838.00, 4738.65, '2025-08-23T15:36:24.492Z'),
(208, 41.32, 114845.00, 4738.50, '2025-08-23T15:36:44.219Z'),
(209, 41.32, 114847.00, 4739.22, '2025-08-23T15:36:56.397Z'),
(210, 41.32, 114845.00, 4738.50, '2025-08-23T15:37:14.219Z'),
(211, 41.32, 114847.00, 4739.22, '2025-08-23T15:37:25.184Z'),
(212, 41.32, 114845.00, 4738.50, '2025-08-23T15:37:44.219Z'),
(213, 41.32, 114847.00, 4739.22, '2025-08-23T15:37:55.185Z'),
(214, 41.32, 114845.00, 4738.50, '2025-08-23T15:38:14.219Z'),
(215, 41.32, 114847.00, 4739.22, '2025-08-23T15:38:25.185Z'),
(216, 41.32, 114845.00, 4738.50, '2025-08-23T15:38:44.219Z'),
(217, 41.32, 114844.00, 4742.27, '2025-08-23T15:39:37.708Z'),
(218, 41.32, 114844.00, 4742.27, '2025-08-23T15:40:21.296Z'),
(219, 41.32, 114844.00, 4742.27, '2025-08-23T15:40:50.180Z'),
(220, 41.32, 114844.00, 4742.27, '2025-08-23T15:41:20.180Z'),
(221, 41.32, 114844.00, 4742.27, '2025-08-23T15:41:50.180Z'),
(222, 41.32, 114844.00, 4742.27, '2025-08-23T15:42:20.180Z'),
(223, 41.32, 114844.00, 4742.27, '2025-08-23T15:42:50.180Z'),
(224, 41.32, 114844.00, 4742.27, '2025-08-23T15:43:20.180Z'),
(225, 41.32, 114844.00, 4742.27, '2025-08-23T15:43:50.180Z'),
(226, 41.32, 114844.00, 4742.27, '2025-08-23T15:44:20.180Z'),
(227, 41.32, 114844.00, 4742.27, '2025-08-23T15:44:50.180Z'),
(228, 41.32, 114844.00, 4742.27, '2025-08-23T15:45:20.180Z'),
(229, 41.32, 114874.00, 4748.05, '2025-08-23T15:45:50.341Z'),
(230, 41.32, 114874.00, 4748.05, '2025-08-23T15:46:20.180Z'),
(231, 41.32, 114874.00, 4748.05, '2025-08-23T15:46:50.180Z'),
(232, 41.32, 114874.00, 4748.05, '2025-08-23T15:47:20.180Z'),
(233, 41.32, 114874.00, 4748.05, '2025-08-23T15:47:50.180Z'),
(234, 41.32, 114874.00, 4748.05, '2025-08-23T15:48:20.180Z'),
(235, 41.32, 114874.00, 4748.05, '2025-08-23T15:48:50.180Z'),
(236, 41.32, 114874.00, 4748.05, '2025-08-23T15:49:20.180Z'),
(237, 41.32, 114874.00, 4748.05, '2025-08-23T15:49:50.180Z'),
(238, 41.32, 114874.00, 4748.05, '2025-08-23T15:50:20.180Z'),
(239, 41.32, 114874.00, 4748.05, '2025-08-23T15:50:50.180Z'),
(240, 41.32, 114841.00, 4751.51, '2025-08-23T15:51:20.403Z'),
(241, 41.32, 114841.00, 4751.51, '2025-08-23T15:51:50.180Z'),
(242, 41.32, 114841.00, 4751.51, '2025-08-23T15:52:20.180Z'),
(243, 41.32, 114841.00, 4751.51, '2025-08-23T15:52:50.180Z'),
(244, 41.32, 114841.00, 4751.51, '2025-08-23T15:53:20.180Z'),
(245, 41.32, 114841.00, 4751.51, '2025-08-23T15:53:50.180Z'),
(246, 41.32, 114841.00, 4751.51, '2025-08-23T15:54:20.180Z'),
(247, 41.32, 114841.00, 4751.51, '2025-08-23T15:54:50.182Z'),
(248, 41.32, 114841.00, 4751.51, '2025-08-23T15:55:20.182Z'),
(249, 41.32, 114841.00, 4751.51, '2025-08-23T15:55:50.182Z'),
(250, 41.32, 114841.00, 4751.51, '2025-08-23T15:56:20.182Z'),
(251, 41.32, 114817.00, 4756.82, '2025-08-23T15:56:50.383Z'),
(252, 41.32, 114817.00, 4756.82, '2025-08-23T15:57:20.181Z'),
(253, 41.32, 114817.00, 4756.82, '2025-08-23T15:57:50.182Z'),
(254, 41.32, 114817.00, 4756.82, '2025-08-23T15:58:20.183Z'),
(255, 41.32, 114817.00, 4756.82, '2025-08-23T15:58:50.183Z'),
(256, 41.32, 114817.00, 4756.82, '2025-08-23T15:59:20.183Z'),
(257, 41.32, 114817.00, 4756.82, '2025-08-23T15:59:50.183Z'),
(258, 41.32, 114817.00, 4756.82, '2025-08-23T16:00:20.183Z'),
(259, 41.32, 114817.00, 4756.82, '2025-08-23T16:00:50.183Z'),
(260, 41.32, 114817.00, 4756.82, '2025-08-23T16:01:20.183Z'),
(261, 41.32, 114817.00, 4756.82, '2025-08-23T16:01:50.183Z'),
(262, 41.32, 114788.00, 4749.13, '2025-08-23T16:02:20.394Z'),
(263, 41.32, 114788.00, 4749.13, '2025-08-23T16:02:50.183Z'),
(264, 41.32, 114788.00, 4749.13, '2025-08-23T16:03:20.183Z'),
(265, 41.32, 114788.00, 4749.13, '2025-08-23T16:03:50.183Z'),
(266, 41.32, 114788.00, 4749.13, '2025-08-23T16:04:20.183Z'),
(267, 41.32, 114788.00, 4749.13, '2025-08-23T16:04:50.183Z'),
(275, 41.32, 114753.00, 4749.13, '2025-08-23T16:08:50.184Z'),
(277, 41.32, 114753.00, 4749.13, '2025-08-23T16:09:50.184Z'),
(279, 41.32, 114753.00, 4749.13, '2025-08-23T16:10:50.184Z'),
(283, 41.32, 114753.00, 4749.13, '2025-08-23T16:12:50.184Z'),
(291, 41.32, 114744.00, 4752.13, '2025-08-23T16:16:50.186Z'),
(294, 41.32, 114744.00, 4752.13, '2025-08-23T16:18:20.186Z'),
(296, 41.32, 114700.00, 4748.76, '2025-08-23T16:19:20.186Z'),
(297, 41.32, 114700.00, 4748.76, '2025-08-23T16:19:50.186Z'),
(299, 41.32, 114700.00, 4748.76, '2025-08-23T16:20:50.187Z'),
(302, 41.32, 114700.00, 4748.76, '2025-08-23T16:22:20.188Z'),
(303, 41.32, 114700.00, 4748.76, '2025-08-23T16:22:50.189Z'),
(305, 41.32, 114700.00, 4748.76, '2025-08-23T16:23:50.189Z'),
(306, 41.32, 114762.00, 4752.36, '2025-08-23T16:24:20.396Z'),
(307, 41.32, 114762.00, 4752.36, '2025-08-23T16:24:50.189Z'),
(309, 41.32, 114762.00, 4752.36, '2025-08-23T16:25:50.189Z'),
(1227, 41.32, 115331.00, 4779.48, '2025-08-24T00:22:21.987Z'),
(1229, 41.32, 115331.00, 4779.48, '2025-08-24T00:22:51.987Z'),
(1230, 41.32, 115332.00, 4777.31, '2025-08-24T00:22:59.495Z'),
(1232, 41.32, 115332.00, 4777.31, '2025-08-24T00:23:29.496Z'),
(1238, 41.32, 115332.00, 4777.31, '2025-08-24T00:24:59.498Z'),
(1239, 41.32, 115331.00, 4779.48, '2025-08-24T00:25:21.990Z'),
(1240, 41.32, 115332.00, 4777.31, '2025-08-24T00:25:29.498Z'),
(1242, 41.32, 115332.00, 4777.31, '2025-08-24T00:25:59.498Z'),
(1244, 41.32, 115332.00, 4777.31, '2025-08-24T00:26:29.498Z'),
(1245, 41.32, 115352.00, 4781.30, '2025-08-24T00:26:51.990Z'),
(1249, 41.32, 115352.00, 4781.30, '2025-08-24T00:27:51.995Z'),
(1251, 41.32, 115352.00, 4781.30, '2025-08-24T00:28:21.996Z'),
(1252, 41.32, 115352.00, 4781.74, '2025-08-24T00:28:29.499Z'),
(1253, 41.32, 115352.00, 4781.30, '2025-08-24T00:28:51.995Z'),
(1256, 41.32, 115352.00, 4781.74, '2025-08-24T00:29:29.500Z'),
(1257, 41.32, 115352.00, 4781.30, '2025-08-24T00:29:51.995Z'),
(1258, 41.32, 115352.00, 4781.74, '2025-08-24T00:29:59.500Z'),
(1259, 41.32, 115352.00, 4781.30, '2025-08-24T00:30:21.995Z'),
(1688, 41.32, 114849.00, 4771.32, '2025-08-24T06:22:16.917Z'),
(1690, 41.32, 114849.00, 4771.32, '2025-08-24T06:23:15.349Z'),
(1693, 41.32, 114849.00, 4771.32, '2025-08-24T06:24:45.348Z'),
(1695, 41.32, 114849.00, 4771.32, '2025-08-24T06:25:45.349Z'),
(1697, 41.32, 114849.00, 4771.32, '2025-08-24T06:26:45.349Z'),
(1699, 41.32, 114880.00, 4773.79, '2025-08-24T06:27:45.524Z'),
(1700, 41.32, 114880.00, 4773.79, '2025-08-24T06:28:15.348Z'),
(1881, 41.32, 114878.00, 4765.52, '2025-08-24T07:59:17.892Z'),
(1883, 41.32, 114878.00, 4765.52, '2025-08-24T08:00:17.892Z'),
(1884, 41.32, 114878.00, 4765.52, '2025-08-24T08:00:47.892Z'),
(1886, 41.32, 114858.00, 4757.96, '2025-08-24T08:01:48.057Z'),
(1887, 41.32, 114858.00, 4757.96, '2025-08-24T08:02:17.893Z'),
(1891, 41.32, 114858.00, 4757.96, '2025-08-24T08:04:17.893Z'),
(1893, 41.32, 114858.00, 4757.96, '2025-08-24T08:05:17.894Z'),
(1895, 41.32, 114858.00, 4757.96, '2025-08-24T08:06:17.894Z'),
(1896, 41.32, 114858.00, 4757.96, '2025-08-24T08:06:47.894Z'),
(1901, 41.32, 114763.00, 4755.97, '2025-08-24T08:09:17.895Z'),
(1902, 41.32, 114763.00, 4755.97, '2025-08-24T08:09:47.894Z'),
(1904, 41.32, 114763.00, 4755.97, '2025-08-24T08:10:47.894Z'),
(1905, 41.32, 114763.00, 4755.97, '2025-08-24T08:11:17.894Z'),
(1908, 41.32, 114923.00, 4767.18, '2025-08-24T08:12:48.055Z'),
(1909, 41.32, 114923.00, 4767.18, '2025-08-24T08:13:03.853Z'),
(1910, 41.32, 114923.00, 4767.18, '2025-08-24T08:13:17.894Z'),
(268, 41.32, 114788.00, 4749.13, '2025-08-23T16:05:20.183Z'),
(272, 41.32, 114788.00, 4749.13, '2025-08-23T16:07:20.184Z'),
(273, 41.32, 114753.00, 4749.13, '2025-08-23T16:07:50.414Z'),
(276, 41.32, 114753.00, 4749.13, '2025-08-23T16:09:20.184Z'),
(280, 41.32, 114753.00, 4749.13, '2025-08-23T16:11:20.184Z'),
(281, 41.32, 114753.00, 4749.13, '2025-08-23T16:11:50.184Z'),
(282, 41.32, 114753.00, 4749.13, '2025-08-23T16:12:20.184Z'),
(284, 41.32, 114744.00, 4752.13, '2025-08-23T16:13:20.352Z'),
(285, 41.32, 114744.00, 4752.13, '2025-08-23T16:13:50.184Z'),
(286, 41.32, 114744.00, 4752.13, '2025-08-23T16:14:20.184Z'),
(287, 41.32, 114744.00, 4752.13, '2025-08-23T16:14:50.185Z'),
(288, 41.32, 114744.00, 4752.13, '2025-08-23T16:15:20.185Z'),
(290, 41.32, 114744.00, 4752.13, '2025-08-23T16:16:20.186Z'),
(292, 41.32, 114744.00, 4752.13, '2025-08-23T16:17:20.186Z'),
(293, 41.32, 114744.00, 4752.13, '2025-08-23T16:17:50.186Z'),
(301, 41.32, 114700.00, 4748.76, '2025-08-23T16:21:50.188Z'),
(310, 41.32, 114762.00, 4752.36, '2025-08-23T16:26:20.189Z'),
(311, 41.32, 114762.00, 4752.36, '2025-08-23T16:26:50.189Z'),
(1272, 41.32, 115380.00, 4793.05, '2025-08-24T00:33:29.501Z'),
(1273, 41.32, 115372.00, 4789.37, '2025-08-24T00:33:51.996Z'),
(1275, 41.32, 115372.00, 4789.37, '2025-08-24T00:34:21.996Z'),
(1276, 41.32, 115380.00, 4793.05, '2025-08-24T00:34:29.501Z'),
(1277, 41.32, 115372.00, 4789.37, '2025-08-24T00:34:51.996Z'),
(1278, 41.32, 115380.00, 4793.05, '2025-08-24T00:34:59.501Z'),
(1279, 41.32, 115372.00, 4789.37, '2025-08-24T00:35:21.997Z'),
(1280, 41.32, 115380.00, 4793.05, '2025-08-24T00:35:29.501Z'),
(1281, 41.32, 115372.00, 4789.37, '2025-08-24T00:35:51.996Z'),
(1284, 41.32, 115380.00, 4793.05, '2025-08-24T00:36:29.501Z'),
(1287, 41.32, 115387.00, 4802.77, '2025-08-24T00:37:21.996Z'),
(1288, 41.32, 115380.00, 4793.05, '2025-08-24T00:37:29.501Z'),
(1290, 41.32, 115387.00, 4799.00, '2025-08-24T00:37:59.701Z'),
(1292, 41.32, 115387.00, 4799.00, '2025-08-24T00:38:29.501Z'),
(1293, 41.32, 115387.00, 4802.77, '2025-08-24T00:38:51.998Z'),
(1295, 41.32, 115387.00, 4802.77, '2025-08-24T00:39:21.997Z'),
(1298, 41.32, 115387.00, 4799.00, '2025-08-24T00:39:59.504Z'),
(1299, 41.32, 115387.00, 4802.77, '2025-08-24T00:40:21.997Z'),
(1300, 41.32, 115387.00, 4799.00, '2025-08-24T00:40:29.503Z'),
(1303, 41.32, 115387.00, 4802.77, '2025-08-24T00:41:21.997Z'),
(1304, 41.32, 115387.00, 4799.00, '2025-08-24T00:41:29.505Z'),
(1309, 41.32, 115425.00, 4803.06, '2025-08-24T00:42:51.997Z'),
(1316, 41.32, 115467.00, 4806.15, '2025-08-24T00:44:29.507Z'),
(1318, 41.32, 115467.00, 4806.15, '2025-08-24T00:44:59.508Z'),
(1321, 41.32, 115425.00, 4803.06, '2025-08-24T00:45:51.999Z'),
(1322, 41.32, 115467.00, 4806.15, '2025-08-24T00:45:59.509Z'),
(1326, 41.32, 115467.00, 4806.15, '2025-08-24T00:46:59.509Z'),
(1327, 41.32, 115425.00, 4803.06, '2025-08-24T00:47:21.999Z'),
(1328, 41.32, 115467.00, 4806.15, '2025-08-24T00:47:29.509Z'),
(1329, 41.32, 115396.00, 4806.72, '2025-08-24T00:47:52.143Z'),
(1330, 41.32, 115467.00, 4806.15, '2025-08-24T00:47:59.509Z'),
(1333, 41.32, 115396.00, 4806.72, '2025-08-24T00:48:51.999Z'),
(1335, 41.32, 115396.00, 4806.72, '2025-08-24T00:49:21.999Z'),
(1338, 41.32, 115381.00, 4806.68, '2025-08-24T00:49:59.509Z'),
(1355, 41.32, 115346.00, 4798.93, '2025-08-24T00:54:21.999Z'),
(1357, 41.32, 115346.00, 4798.93, '2025-08-24T00:54:52.000Z'),
(1365, 41.32, 115346.00, 4798.93, '2025-08-24T00:56:52.001Z'),
(1371, 41.32, 115346.00, 4798.93, '2025-08-24T00:58:22.001Z'),
(1372, 41.32, 115319.00, 4796.60, '2025-08-24T00:58:29.511Z'),
(1373, 41.32, 115330.00, 4797.95, '2025-08-24T00:58:52.121Z'),
(1377, 41.32, 115330.00, 4797.95, '2025-08-24T00:59:52.000Z'),
(1378, 41.32, 115321.00, 4798.03, '2025-08-24T00:59:59.666Z'),
(1387, 41.32, 115330.00, 4797.95, '2025-08-24T01:02:22.002Z'),
(1404, 41.32, 115296.00, 4786.28, '2025-08-24T01:06:29.517Z'),
(1405, 41.32, 115264.00, 4787.17, '2025-08-24T01:06:52.007Z'),
(1407, 41.32, 115264.00, 4787.17, '2025-08-24T01:07:22.006Z'),
(1410, 41.32, 115296.00, 4786.28, '2025-08-24T01:07:59.517Z'),
(1413, 41.32, 115264.00, 4787.17, '2025-08-24T01:08:52.006Z'),
(1414, 41.32, 115296.00, 4786.28, '2025-08-24T01:08:59.517Z'),
(1416, 41.32, 115296.00, 4786.28, '2025-08-24T01:09:29.517Z'),
(1417, 41.32, 115353.00, 4778.03, '2025-08-24T01:09:52.223Z'),
(1418, 41.32, 115296.00, 4786.28, '2025-08-24T01:09:59.517Z'),
(1419, 41.32, 115353.00, 4778.03, '2025-08-24T01:10:22.007Z'),
(1421, 41.32, 115353.00, 4778.03, '2025-08-24T01:10:52.008Z'),
(1422, 41.32, 115337.00, 4779.07, '2025-08-24T01:10:59.752Z'),
(1423, 41.32, 115353.00, 4778.03, '2025-08-24T01:11:22.008Z'),
(1429, 41.32, 115353.00, 4778.03, '2025-08-24T01:12:52.009Z'),
(1431, 41.32, 115353.00, 4778.03, '2025-08-24T01:13:22.008Z'),
(1432, 41.32, 115337.00, 4779.07, '2025-08-24T01:13:29.518Z'),
(1433, 41.32, 115353.00, 4778.03, '2025-08-24T01:13:52.008Z'),
(1434, 41.32, 115337.00, 4779.07, '2025-08-24T01:13:59.519Z'),
(1438, 41.32, 115337.00, 4779.07, '2025-08-24T01:14:59.521Z'),
(1440, 41.32, 115337.00, 4779.07, '2025-08-24T01:15:29.522Z'),
(1444, 41.32, 115296.00, 4771.27, '2025-08-24T01:16:29.702Z'),
(1448, 41.32, 115296.00, 4771.27, '2025-08-24T01:17:29.523Z'),
(1449, 41.32, 115296.00, 4771.27, '2025-08-24T01:17:52.009Z'),
(1450, 41.32, 115296.00, 4771.27, '2025-08-24T01:17:59.524Z'),
(1451, 41.32, 115296.00, 4771.27, '2025-08-24T01:18:22.010Z'),
(1689, 41.32, 114849.00, 4771.32, '2025-08-24T06:22:45.348Z'),
(1691, 41.32, 114849.00, 4771.32, '2025-08-24T06:23:45.348Z'),
(1692, 41.32, 114849.00, 4771.32, '2025-08-24T06:24:15.349Z'),
(1694, 41.32, 114849.00, 4771.32, '2025-08-24T06:25:15.349Z'),
(1911, 41.32, 114923.00, 4767.18, '2025-08-24T08:13:32.464Z'),
(1912, 41.32, 114923.00, 4767.18, '2025-08-24T08:13:47.895Z'),
(1913, 41.32, 114923.00, 4767.18, '2025-08-24T08:14:02.464Z'),
(1914, 41.32, 114923.00, 4767.18, '2025-08-24T08:14:17.894Z'),
(1915, 41.32, 114923.00, 4767.18, '2025-08-24T08:14:32.464Z'),
(1916, 41.32, 114923.00, 4767.18, '2025-08-24T08:14:47.895Z'),
(1917, 41.32, 114923.00, 4767.18, '2025-08-24T08:15:02.464Z'),
(1918, 41.32, 114923.00, 4767.18, '2025-08-24T08:15:17.896Z'),
(1919, 41.32, 114923.00, 4767.18, '2025-08-24T08:15:32.465Z'),
(1920, 41.32, 114923.00, 4767.18, '2025-08-24T08:15:47.897Z'),
(1921, 41.32, 114923.00, 4767.18, '2025-08-24T08:16:02.466Z'),
(1922, 41.32, 114923.00, 4767.18, '2025-08-24T08:16:17.897Z'),
(1923, 41.32, 114923.00, 4767.18, '2025-08-24T08:16:32.466Z'),
(1924, 41.32, 114923.00, 4767.18, '2025-08-24T08:16:47.898Z'),
(1925, 41.32, 114923.00, 4767.18, '2025-08-24T08:17:02.467Z'),
(1926, 41.32, 114923.00, 4767.18, '2025-08-24T08:17:17.899Z'),
(1927, 41.32, 114923.00, 4767.18, '2025-08-24T08:17:32.468Z'),
(1928, 41.32, 114923.00, 4767.18, '2025-08-24T08:18:02.469Z'),
(1929, 41.32, 114816.00, 4772.12, '2025-08-24T08:18:32.665Z'),
(1930, 41.32, 114816.00, 4772.12, '2025-08-24T08:19:02.470Z'),
(1931, 41.32, 114816.00, 4772.12, '2025-08-24T08:19:32.470Z'),
(1932, 41.32, 114816.00, 4772.12, '2025-08-24T08:20:02.471Z'),
(1933, 41.32, 114816.00, 4772.12, '2025-08-24T08:20:32.471Z'),
(1934, 41.32, 114816.00, 4772.12, '2025-08-24T08:21:02.472Z'),
(1935, 41.32, 114816.00, 4772.12, '2025-08-24T08:21:32.472Z'),
(1936, 41.32, 114816.00, 4772.12, '2025-08-24T08:22:02.473Z'),
(1937, 41.32, 114816.00, 4772.12, '2025-08-24T08:22:32.473Z'),
(1938, 41.32, 114816.00, 4772.12, '2025-08-24T08:23:02.473Z'),
(1939, 41.32, 114816.00, 4772.12, '2025-08-24T08:23:32.474Z'),
(1940, 41.32, 114749.00, 4763.87, '2025-08-24T08:24:02.624Z'),
(269, 41.32, 114788.00, 4749.13, '2025-08-23T16:05:50.184Z'),
(1274, 41.32, 115380.00, 4793.05, '2025-08-24T00:33:59.501Z'),
(1282, 41.32, 115380.00, 4793.05, '2025-08-24T00:35:59.501Z'),
(1283, 41.32, 115372.00, 4789.37, '2025-08-24T00:36:21.996Z'),
(1285, 41.32, 115387.00, 4802.77, '2025-08-24T00:36:52.366Z'),
(1286, 41.32, 115380.00, 4793.05, '2025-08-24T00:36:59.501Z'),
(1289, 41.32, 115387.00, 4802.77, '2025-08-24T00:37:51.996Z'),
(1291, 41.32, 115387.00, 4802.77, '2025-08-24T00:38:21.997Z'),
(1297, 41.32, 115387.00, 4802.77, '2025-08-24T00:39:51.997Z'),
(1301, 41.32, 115387.00, 4802.77, '2025-08-24T00:40:51.997Z'),
(1308, 41.32, 115387.00, 4799.00, '2025-08-24T00:42:29.505Z'),
(1310, 41.32, 115387.00, 4799.00, '2025-08-24T00:42:59.506Z'),
(1311, 41.32, 115425.00, 4803.06, '2025-08-24T00:43:21.997Z'),
(1312, 41.32, 115467.00, 4806.15, '2025-08-24T00:43:29.675Z'),
(1314, 41.32, 115467.00, 4806.15, '2025-08-24T00:43:59.507Z'),
(1315, 41.32, 115425.00, 4803.06, '2025-08-24T00:44:21.997Z'),
(1319, 41.32, 115425.00, 4803.06, '2025-08-24T00:45:21.998Z'),
(1320, 41.32, 115467.00, 4806.15, '2025-08-24T00:45:29.508Z'),
(1331, 41.32, 115396.00, 4806.72, '2025-08-24T00:48:21.999Z'),
(1332, 41.32, 115467.00, 4806.15, '2025-08-24T00:48:29.509Z'),
(1334, 41.32, 115381.00, 4806.68, '2025-08-24T00:48:59.724Z'),
(1337, 41.32, 115396.00, 4806.72, '2025-08-24T00:49:52.000Z'),
(1339, 41.32, 115396.00, 4806.72, '2025-08-24T00:50:21.999Z'),
(1342, 41.32, 115381.00, 4806.68, '2025-08-24T00:50:59.509Z'),
(1343, 41.32, 115396.00, 4806.72, '2025-08-24T00:51:22.000Z'),
(1344, 41.32, 115381.00, 4806.68, '2025-08-24T00:51:29.509Z'),
(1345, 41.32, 115396.00, 4806.72, '2025-08-24T00:51:51.999Z'),
(1346, 41.32, 115381.00, 4806.68, '2025-08-24T00:51:59.510Z'),
(1350, 41.32, 115381.00, 4806.68, '2025-08-24T00:52:59.510Z'),
(1351, 41.32, 115346.00, 4798.93, '2025-08-24T00:53:22.199Z'),
(1352, 41.32, 115381.00, 4806.68, '2025-08-24T00:53:29.510Z'),
(1353, 41.32, 115346.00, 4798.93, '2025-08-24T00:53:51.999Z'),
(1356, 41.32, 115319.00, 4796.60, '2025-08-24T00:54:29.708Z'),
(1358, 41.32, 115319.00, 4796.60, '2025-08-24T00:54:59.510Z'),
(1359, 41.32, 115346.00, 4798.93, '2025-08-24T00:55:22.000Z'),
(1360, 41.32, 115319.00, 4796.60, '2025-08-24T00:55:29.510Z'),
(1361, 41.32, 115346.00, 4798.93, '2025-08-24T00:55:52.000Z'),
(1362, 41.32, 115319.00, 4796.60, '2025-08-24T00:55:59.511Z'),
(1363, 41.32, 115346.00, 4798.93, '2025-08-24T00:56:22.001Z'),
(1364, 41.32, 115319.00, 4796.60, '2025-08-24T00:56:29.510Z'),
(1366, 41.32, 115319.00, 4796.60, '2025-08-24T00:56:59.510Z'),
(1368, 41.32, 115319.00, 4796.60, '2025-08-24T00:57:29.511Z'),
(1369, 41.32, 115346.00, 4798.93, '2025-08-24T00:57:52.000Z'),
(1379, 41.32, 115330.00, 4797.95, '2025-08-24T01:00:22.001Z'),
(1380, 41.32, 115321.00, 4798.03, '2025-08-24T01:00:29.514Z'),
(1383, 41.32, 115330.00, 4797.95, '2025-08-24T01:01:22.001Z'),
(1384, 41.32, 115321.00, 4798.03, '2025-08-24T01:01:29.514Z'),
(1385, 41.32, 115330.00, 4797.95, '2025-08-24T01:01:52.002Z'),
(1386, 41.32, 115321.00, 4798.03, '2025-08-24T01:01:59.514Z'),
(1389, 41.32, 115330.00, 4797.95, '2025-08-24T01:02:52.003Z'),
(1391, 41.32, 115330.00, 4797.95, '2025-08-24T01:03:22.003Z'),
(1392, 41.32, 115321.00, 4798.03, '2025-08-24T01:03:29.515Z'),
(1394, 41.32, 115321.00, 4798.03, '2025-08-24T01:03:59.516Z'),
(1396, 41.32, 115321.00, 4798.03, '2025-08-24T01:04:29.516Z'),
(1398, 41.32, 115321.00, 4798.03, '2025-08-24T01:04:59.516Z'),
(1401, 41.32, 115264.00, 4787.17, '2025-08-24T01:05:52.006Z'),
(1403, 41.32, 115264.00, 4787.17, '2025-08-24T01:06:22.006Z'),
(1406, 41.32, 115296.00, 4786.28, '2025-08-24T01:06:59.517Z'),
(1411, 41.32, 115264.00, 4787.17, '2025-08-24T01:08:22.006Z'),
(1424, 41.32, 115337.00, 4779.07, '2025-08-24T01:11:29.517Z'),
(1427, 41.32, 115353.00, 4778.03, '2025-08-24T01:12:22.008Z'),
(1437, 41.32, 115353.00, 4778.03, '2025-08-24T01:14:52.008Z'),
(1439, 41.32, 115296.00, 4771.27, '2025-08-24T01:15:22.241Z'),
(1442, 41.32, 115337.00, 4779.07, '2025-08-24T01:15:59.523Z'),
(1443, 41.32, 115296.00, 4771.27, '2025-08-24T01:16:22.008Z'),
(1445, 41.32, 115296.00, 4771.27, '2025-08-24T01:16:52.008Z'),
(1447, 41.32, 115296.00, 4771.27, '2025-08-24T01:17:22.008Z'),
(1696, 41.32, 114849.00, 4771.32, '2025-08-24T06:26:15.348Z'),
(1698, 41.32, 114849.00, 4771.32, '2025-08-24T06:27:15.349Z'),
(1701, 41.32, 114880.00, 4773.79, '2025-08-24T06:28:45.348Z'),
(1711, 41.32, 114961.00, 4769.80, '2025-08-24T06:33:45.349Z'),
(1723, 41.32, 114938.00, 4764.80, '2025-08-24T06:39:45.351Z'),
(1724, 41.32, 114938.00, 4764.80, '2025-08-24T06:40:15.351Z'),
(1725, 41.32, 114938.00, 4764.80, '2025-08-24T06:40:45.351Z'),
(1727, 41.32, 114938.00, 4764.80, '2025-08-24T06:41:45.351Z'),
(1728, 41.32, 114938.00, 4764.80, '2025-08-24T06:42:15.351Z'),
(1729, 41.32, 114938.00, 4764.80, '2025-08-24T06:42:45.351Z'),
(1730, 41.32, 114938.00, 4764.80, '2025-08-24T06:43:15.351Z'),
(1731, 41.32, 114938.00, 4764.80, '2025-08-24T06:43:45.351Z'),
(1732, 41.32, 114952.00, 4767.81, '2025-08-24T06:44:15.550Z'),
(1735, 41.32, 114952.00, 4767.81, '2025-08-24T06:45:45.351Z'),
(1736, 41.32, 114952.00, 4767.81, '2025-08-24T06:46:15.351Z'),
(1738, 41.32, 114952.00, 4767.81, '2025-08-24T06:47:15.351Z'),
(1742, 41.32, 114952.00, 4767.81, '2025-08-24T06:49:15.353Z'),
(1743, 41.32, 114924.00, 4764.54, '2025-08-24T06:49:45.517Z'),
(1746, 41.32, 114924.00, 4764.54, '2025-08-24T06:51:15.354Z'),
(1747, 41.32, 114924.00, 4764.54, '2025-08-24T06:51:45.354Z'),
(1751, 41.32, 114924.00, 4764.54, '2025-08-24T06:53:45.354Z'),
(1752, 41.32, 114924.00, 4764.54, '2025-08-24T06:54:15.354Z'),
(1765, 41.32, 114845.00, 4760.50, '2025-08-24T07:00:45.521Z'),
(1766, 41.32, 114845.00, 4760.50, '2025-08-24T07:01:15.355Z'),
(1774, 41.32, 114845.00, 4760.50, '2025-08-24T07:05:15.355Z'),
(1780, 41.32, 114879.00, 4763.43, '2025-08-24T07:08:15.357Z'),
(1781, 41.32, 114879.00, 4763.43, '2025-08-24T07:08:45.356Z'),
(1783, 41.32, 114879.00, 4763.43, '2025-08-24T07:09:45.356Z'),
(1784, 41.32, 114879.00, 4763.43, '2025-08-24T07:10:15.356Z'),
(1785, 41.32, 114879.00, 4763.43, '2025-08-24T07:10:45.356Z'),
(1941, 41.32, 114749.00, 4763.87, '2025-08-24T08:24:32.474Z'),
(1942, 41.32, 114749.00, 4763.87, '2025-08-24T08:25:02.474Z'),
(1943, 41.32, 114749.00, 4763.87, '2025-08-24T08:25:32.474Z'),
(1944, 41.32, 114749.00, 4763.87, '2025-08-24T08:26:02.474Z'),
(1945, 41.32, 114749.00, 4763.87, '2025-08-24T08:26:32.474Z'),
(1946, 41.32, 114749.00, 4763.87, '2025-08-24T08:27:02.474Z'),
(1947, 41.32, 114749.00, 4763.87, '2025-08-24T08:27:32.474Z'),
(1948, 41.32, 114749.00, 4763.87, '2025-08-24T08:28:02.476Z'),
(1949, 41.32, 114749.00, 4763.87, '2025-08-24T08:28:32.476Z'),
(1950, 41.32, 114749.00, 4763.87, '2025-08-24T08:29:02.476Z'),
(1951, 41.32, 114817.00, 4772.14, '2025-08-24T08:29:32.679Z'),
(1952, 41.32, 114817.00, 4772.14, '2025-08-24T08:30:02.476Z'),
(1953, 41.32, 114817.00, 4772.14, '2025-08-24T08:30:32.476Z'),
(1954, 41.32, 114817.00, 4772.14, '2025-08-24T08:31:02.477Z'),
(1955, 41.32, 114817.00, 4772.14, '2025-08-24T08:31:32.477Z'),
(1956, 41.32, 114817.00, 4772.14, '2025-08-24T08:32:02.477Z'),
(1957, 41.32, 114817.00, 4772.14, '2025-08-24T08:32:32.477Z'),
(1958, 41.32, 114817.00, 4772.14, '2025-08-24T08:33:02.478Z'),
(1959, 41.32, 114817.00, 4772.14, '2025-08-24T08:33:32.479Z'),
(1960, 41.32, 114817.00, 4772.14, '2025-08-24T08:34:02.480Z'),
(1961, 41.32, 114817.00, 4772.14, '2025-08-24T08:34:32.481Z'),
(1962, 41.32, 114774.00, 4770.79, '2025-08-24T08:35:02.603Z'),
(1963, 41.32, 114774.00, 4770.79, '2025-08-24T08:35:32.482Z'),
(270, 41.32, 114788.00, 4749.13, '2025-08-23T16:06:20.184Z'),
(271, 41.32, 114788.00, 4749.13, '2025-08-23T16:06:50.184Z'),
(274, 41.32, 114753.00, 4749.13, '2025-08-23T16:08:20.184Z'),
(278, 41.32, 114753.00, 4749.13, '2025-08-23T16:10:20.184Z'),
(289, 41.32, 114744.00, 4752.13, '2025-08-23T16:15:50.185Z'),
(295, 41.32, 114700.00, 4748.76, '2025-08-23T16:18:50.344Z'),
(298, 41.32, 114700.00, 4748.76, '2025-08-23T16:20:20.186Z'),
(300, 41.32, 114700.00, 4748.76, '2025-08-23T16:21:20.187Z'),
(304, 41.32, 114700.00, 4748.76, '2025-08-23T16:23:20.189Z'),
(308, 41.32, 114762.00, 4752.36, '2025-08-23T16:25:20.189Z'),
(312, 41.32, 114762.00, 4752.36, '2025-08-23T16:27:20.189Z'),
(313, 41.32, 114762.00, 4752.36, '2025-08-23T16:27:50.189Z'),
(314, 41.32, 114762.00, 4752.36, '2025-08-23T16:28:20.189Z'),
(315, 41.32, 114762.00, 4752.36, '2025-08-23T16:28:50.189Z'),
(316, 41.32, 114762.00, 4752.36, '2025-08-23T16:29:20.189Z'),
(317, 41.32, 114834.00, 4754.14, '2025-08-23T16:29:50.363Z'),
(318, 41.32, 114834.00, 4754.14, '2025-08-23T16:30:20.190Z'),
(319, 41.32, 114834.00, 4754.14, '2025-08-23T16:30:50.190Z'),
(320, 41.32, 114834.00, 4754.14, '2025-08-23T16:31:20.190Z'),
(321, 41.32, 114834.00, 4754.14, '2025-08-23T16:31:50.190Z'),
(322, 41.32, 114834.00, 4754.14, '2025-08-23T16:32:20.190Z'),
(323, 41.32, 114834.00, 4754.14, '2025-08-23T16:32:50.190Z'),
(324, 41.32, 114834.00, 4754.14, '2025-08-23T16:33:20.191Z'),
(325, 41.32, 114834.00, 4754.14, '2025-08-23T16:33:50.191Z'),
(326, 41.32, 114834.00, 4754.14, '2025-08-23T16:34:20.191Z'),
(327, 41.32, 114834.00, 4754.14, '2025-08-23T16:34:50.191Z'),
(328, 41.32, 114813.00, 4750.91, '2025-08-23T16:35:20.382Z'),
(329, 41.32, 114813.00, 4750.91, '2025-08-23T16:35:50.191Z'),
(330, 41.32, 114813.00, 4750.91, '2025-08-23T16:36:20.191Z'),
(331, 41.32, 114813.00, 4750.91, '2025-08-23T16:36:50.191Z'),
(332, 41.32, 114813.00, 4750.91, '2025-08-23T16:37:20.191Z'),
(333, 41.32, 114813.00, 4750.91, '2025-08-23T16:37:50.192Z'),
(334, 41.32, 114813.00, 4750.91, '2025-08-23T16:38:20.192Z'),
(335, 41.32, 114813.00, 4750.91, '2025-08-23T16:38:50.192Z'),
(336, 41.32, 114813.00, 4750.91, '2025-08-23T16:39:20.192Z'),
(337, 41.32, 114813.00, 4750.91, '2025-08-23T16:39:50.192Z'),
(338, 41.32, 114813.00, 4750.91, '2025-08-23T16:40:20.192Z'),
(339, 41.32, 114826.00, 4752.08, '2025-08-23T16:40:50.352Z'),
(340, 41.32, 114826.00, 4752.08, '2025-08-23T16:41:20.192Z'),
(341, 41.32, 114826.00, 4752.08, '2025-08-23T16:41:50.192Z'),
(342, 41.32, 114826.00, 4752.08, '2025-08-23T16:42:20.192Z'),
(343, 41.32, 114826.00, 4752.08, '2025-08-23T16:42:50.192Z'),
(344, 41.32, 114826.00, 4752.08, '2025-08-23T16:43:20.193Z'),
(345, 41.32, 114826.00, 4752.08, '2025-08-23T16:43:50.193Z'),
(346, 41.32, 114826.00, 4752.08, '2025-08-23T16:44:20.193Z'),
(347, 41.32, 114826.00, 4752.08, '2025-08-23T16:44:50.193Z'),
(348, 41.32, 114826.00, 4752.08, '2025-08-23T16:45:20.193Z'),
(349, 41.32, 114826.00, 4752.08, '2025-08-23T16:45:50.193Z'),
(350, 41.32, 114736.00, 4746.10, '2025-08-23T16:46:20.344Z'),
(351, 41.32, 114736.00, 4746.10, '2025-08-23T16:46:50.194Z'),
(352, 41.32, 114736.00, 4746.10, '2025-08-23T16:47:20.194Z'),
(353, 41.32, 114736.00, 4746.10, '2025-08-23T16:47:50.194Z'),
(354, 41.32, 114736.00, 4746.10, '2025-08-23T16:48:20.194Z'),
(355, 41.32, 114736.00, 4746.10, '2025-08-23T16:48:50.194Z'),
(356, 41.32, 114736.00, 4746.10, '2025-08-23T16:49:20.194Z'),
(357, 41.32, 114736.00, 4746.10, '2025-08-23T16:49:50.194Z'),
(358, 41.32, 114736.00, 4746.10, '2025-08-23T16:50:20.194Z'),
(359, 41.32, 114736.00, 4746.10, '2025-08-23T16:50:50.194Z'),
(360, 41.32, 114736.00, 4746.10, '2025-08-23T16:51:20.194Z'),
(361, 41.32, 114798.00, 4746.33, '2025-08-23T16:51:50.376Z'),
(362, 41.32, 114798.00, 4746.33, '2025-08-23T16:52:20.194Z'),
(363, 41.32, 114798.00, 4746.33, '2025-08-23T16:52:50.194Z'),
(364, 41.32, 114798.00, 4746.33, '2025-08-23T16:53:20.194Z'),
(365, 41.32, 114798.00, 4746.33, '2025-08-23T16:53:50.194Z'),
(366, 41.32, 114798.00, 4746.33, '2025-08-23T16:54:20.194Z'),
(367, 41.32, 114798.00, 4746.33, '2025-08-23T16:54:50.194Z'),
(368, 41.32, 114798.00, 4746.33, '2025-08-23T16:55:20.194Z'),
(369, 41.32, 114798.00, 4746.33, '2025-08-23T16:55:50.194Z'),
(370, 41.32, 114798.00, 4746.33, '2025-08-23T16:56:20.194Z'),
(371, 41.32, 114798.00, 4746.33, '2025-08-23T16:56:50.194Z'),
(372, 41.32, 114940.00, 4745.36, '2025-08-23T16:57:20.383Z'),
(373, 41.32, 114940.00, 4745.36, '2025-08-23T16:57:50.194Z'),
(374, 41.32, 114940.00, 4745.36, '2025-08-23T16:58:20.194Z'),
(375, 41.32, 114940.00, 4745.36, '2025-08-23T16:58:50.194Z'),
(376, 41.32, 114940.00, 4745.36, '2025-08-23T16:59:20.194Z'),
(377, 41.32, 114940.00, 4745.36, '2025-08-23T16:59:50.195Z'),
(378, 41.32, 114940.00, 4745.36, '2025-08-23T17:00:20.195Z'),
(379, 41.32, 114940.00, 4745.36, '2025-08-23T17:00:50.195Z'),
(380, 41.32, 114940.00, 4745.36, '2025-08-23T17:01:20.195Z'),
(381, 41.32, 114940.00, 4745.36, '2025-08-23T17:01:50.195Z'),
(382, 41.32, 114940.00, 4745.36, '2025-08-23T17:02:20.195Z'),
(383, 41.32, 114988.00, 4741.87, '2025-08-23T17:02:50.403Z'),
(384, 41.32, 114988.00, 4741.87, '2025-08-23T17:03:20.196Z'),
(385, 41.32, 114988.00, 4741.87, '2025-08-23T17:03:50.197Z'),
(386, 41.32, 114988.00, 4741.87, '2025-08-23T17:04:20.197Z'),
(387, 41.32, 114988.00, 4741.87, '2025-08-23T17:04:50.197Z'),
(388, 41.32, 114988.00, 4741.87, '2025-08-23T17:05:20.197Z'),
(389, 41.32, 114988.00, 4741.87, '2025-08-23T17:05:50.198Z'),
(390, 41.32, 114988.00, 4741.87, '2025-08-23T17:06:20.198Z'),
(391, 41.32, 114988.00, 4741.87, '2025-08-23T17:06:50.198Z'),
(392, 41.32, 114988.00, 4741.87, '2025-08-23T17:07:20.198Z'),
(393, 41.32, 114988.00, 4741.87, '2025-08-23T17:07:50.198Z'),
(394, 41.32, 115022.00, 4747.60, '2025-08-23T17:08:20.366Z'),
(395, 41.32, 115022.00, 4747.60, '2025-08-23T17:08:50.198Z'),
(396, 41.32, 115022.00, 4747.60, '2025-08-23T17:09:20.198Z'),
(397, 41.32, 115022.00, 4747.60, '2025-08-23T17:09:50.198Z'),
(398, 41.32, 115022.00, 4747.60, '2025-08-23T17:10:20.198Z'),
(399, 41.32, 115022.00, 4747.60, '2025-08-23T17:10:50.198Z'),
(400, 41.32, 115022.00, 4747.60, '2025-08-23T17:11:20.198Z'),
(401, 41.32, 115022.00, 4747.60, '2025-08-23T17:11:50.198Z'),
(402, 41.32, 115022.00, 4747.60, '2025-08-23T17:12:20.198Z'),
(403, 41.32, 115022.00, 4747.60, '2025-08-23T17:12:50.198Z'),
(404, 41.32, 115022.00, 4747.60, '2025-08-23T17:13:20.198Z'),
(405, 41.32, 115064.00, 4744.19, '2025-08-23T17:13:50.412Z'),
(406, 41.32, 115064.00, 4744.19, '2025-08-23T17:14:20.198Z'),
(407, 41.32, 115064.00, 4744.19, '2025-08-23T17:14:50.198Z'),
(408, 41.32, 115064.00, 4744.19, '2025-08-23T17:15:20.198Z'),
(409, 41.32, 115064.00, 4744.19, '2025-08-23T17:15:50.198Z'),
(410, 41.32, 115064.00, 4744.19, '2025-08-23T17:16:20.198Z'),
(411, 41.32, 115064.00, 4744.19, '2025-08-23T17:16:50.198Z'),
(412, 41.32, 115064.00, 4744.19, '2025-08-23T17:17:20.198Z'),
(413, 41.32, 115064.00, 4744.19, '2025-08-23T17:17:50.198Z'),
(414, 41.32, 115064.00, 4744.19, '2025-08-23T17:18:20.198Z'),
(415, 41.32, 115064.00, 4744.19, '2025-08-23T17:18:50.198Z'),
(416, 41.32, 114996.00, 4744.06, '2025-08-23T17:19:20.370Z'),
(417, 41.32, 114996.00, 4744.06, '2025-08-23T17:19:50.197Z'),
(418, 41.32, 114996.00, 4744.06, '2025-08-23T17:20:20.198Z'),
(419, 41.32, 114996.00, 4744.06, '2025-08-23T17:20:50.198Z'),
(420, 41.32, 114996.00, 4744.06, '2025-08-23T17:21:20.198Z'),
(421, 41.32, 114996.00, 4744.06, '2025-08-23T17:21:50.198Z'),
(422, 41.32, 114996.00, 4744.06, '2025-08-23T17:22:20.198Z'),
(423, 41.32, 114972.00, 4738.47, '2025-08-23T17:26:09.016Z'),
(424, 41.32, 114972.00, 4738.47, '2025-08-23T17:26:37.383Z'),
(425, 41.32, 114972.00, 4738.47, '2025-08-23T17:27:07.384Z'),
(426, 41.32, 114972.00, 4738.47, '2025-08-23T17:27:41.558Z'),
(427, 41.32, 114972.00, 4738.47, '2025-08-23T17:28:10.551Z'),
(428, 41.32, 114972.00, 4738.47, '2025-08-23T17:28:40.551Z'),
(429, 41.32, 114972.00, 4738.47, '2025-08-23T17:29:10.551Z'),
(430, 41.32, 114943.00, 4733.31, '2025-08-23T17:29:28.906Z'),
(431, 41.32, 114943.00, 4733.31, '2025-08-23T17:29:57.584Z'),
(432, 41.32, 114943.00, 4733.31, '2025-08-23T17:30:27.584Z'),
(433, 41.32, 114943.00, 4733.31, '2025-08-23T17:30:57.584Z'),
(434, 41.32, 114943.00, 4733.31, '2025-08-23T17:31:27.584Z'),
(435, 41.32, 114943.00, 4733.31, '2025-08-23T17:31:57.584Z'),
(436, 41.32, 114943.00, 4733.31, '2025-08-23T17:32:27.584Z'),
(437, 41.32, 114943.00, 4733.31, '2025-08-23T17:32:57.584Z'),
(438, 41.32, 114943.00, 4733.31, '2025-08-23T17:33:27.584Z'),
(439, 41.32, 114943.00, 4733.31, '2025-08-23T17:33:57.584Z'),
(440, 41.32, 114943.00, 4733.31, '2025-08-23T17:34:27.584Z'),
(441, 41.32, 115004.00, 4733.28, '2025-08-23T17:34:57.824Z'),
(442, 41.32, 115004.00, 4733.28, '2025-08-23T17:35:27.584Z'),
(443, 41.32, 115004.00, 4733.28, '2025-08-23T17:35:57.584Z'),
(444, 41.32, 115004.00, 4733.28, '2025-08-23T17:36:27.584Z'),
(445, 41.32, 115004.00, 4733.28, '2025-08-23T17:36:57.584Z'),
(446, 41.32, 115028.00, 4737.45, '2025-08-23T17:37:36.821Z'),
(447, 41.32, 115028.00, 4737.45, '2025-08-23T17:38:05.913Z'),
(448, 41.32, 115028.00, 4737.45, '2025-08-23T17:38:35.913Z'),
(449, 41.32, 115028.00, 4737.45, '2025-08-23T17:39:05.913Z'),
(450, 41.32, 115028.00, 4737.45, '2025-08-23T17:39:35.913Z'),
(451, 41.32, 115028.00, 4737.45, '2025-08-23T17:40:05.913Z'),
(452, 41.32, 115028.00, 4737.45, '2025-08-23T17:40:35.913Z'),
(453, 41.32, 115028.00, 4737.45, '2025-08-23T17:41:05.913Z'),
(454, 41.32, 115028.00, 4737.45, '2025-08-23T17:41:35.913Z'),
(455, 41.32, 115028.00, 4737.45, '2025-08-23T17:42:05.913Z'),
(456, 41.32, 115028.00, 4737.45, '2025-08-23T17:42:35.913Z'),
(457, 41.32, 115076.00, 4744.51, '2025-08-23T17:42:51.411Z'),
(458, 41.32, 115076.00, 4744.51, '2025-08-23T17:43:21.021Z'),
(459, 41.32, 115076.00, 4744.51, '2025-08-23T17:43:51.021Z'),
(460, 41.32, 115076.00, 4744.51, '2025-08-23T17:44:21.021Z'),
(461, 41.32, 115076.00, 4744.51, '2025-08-23T17:44:51.021Z'),
(462, 41.32, 115076.00, 4744.51, '2025-08-23T17:45:21.020Z'),
(463, 41.32, 115076.00, 4744.51, '2025-08-23T17:45:51.021Z'),
(464, 41.32, 115076.00, 4744.51, '2025-08-23T17:46:21.022Z'),
(465, 41.32, 115076.00, 4744.51, '2025-08-23T17:46:51.022Z'),
(466, 41.32, 115076.00, 4744.51, '2025-08-23T17:47:21.021Z'),
(467, 41.32, 115076.00, 4744.51, '2025-08-23T17:47:51.021Z'),
(468, 41.32, 115053.00, 4745.07, '2025-08-23T17:48:21.268Z'),
(469, 41.32, 115053.00, 4745.07, '2025-08-23T17:48:36.555Z'),
(470, 41.32, 115053.00, 4745.07, '2025-08-23T17:48:51.022Z'),
(471, 41.32, 115053.00, 4745.07, '2025-08-23T17:49:06.425Z'),
(472, 41.32, 115053.00, 4745.07, '2025-08-23T17:49:21.022Z'),
(473, 41.32, 115053.00, 4745.07, '2025-08-23T17:49:35.362Z'),
(474, 41.32, 115053.00, 4745.07, '2025-08-23T17:49:51.022Z'),
(475, 41.32, 115058.00, 4745.15, '2025-08-23T17:50:17.411Z'),
(476, 41.32, 115053.00, 4745.07, '2025-08-23T17:50:21.024Z'),
(477, 41.32, 115060.00, 4744.84, '2025-08-23T17:50:46.741Z'),
(478, 41.32, 115053.00, 4745.07, '2025-08-23T17:50:51.023Z'),
(479, 41.32, 115060.00, 4744.84, '2025-08-23T17:51:15.870Z'),
(480, 41.32, 115053.00, 4745.07, '2025-08-23T17:51:21.024Z'),
(481, 41.32, 115053.00, 4745.07, '2025-08-23T17:51:51.024Z'),
(482, 41.32, 115046.00, 4742.30, '2025-08-23T17:51:56.667Z'),
(483, 41.32, 115053.00, 4745.07, '2025-08-23T17:52:21.026Z'),
(484, 41.32, 115046.00, 4742.30, '2025-08-23T17:52:27.631Z'),
(485, 41.32, 115053.00, 4745.07, '2025-08-23T17:52:51.026Z'),
(486, 41.32, 115046.00, 4742.30, '2025-08-23T17:52:56.600Z'),
(487, 41.32, 115053.00, 4745.07, '2025-08-23T17:53:21.025Z'),
(488, 41.32, 115040.00, 4743.79, '2025-08-23T17:53:32.984Z'),
(489, 41.32, 115040.00, 4743.79, '2025-08-23T17:53:51.160Z'),
(490, 41.32, 115040.00, 4743.79, '2025-08-23T17:54:03.001Z'),
(491, 41.32, 115040.00, 4743.79, '2025-08-23T17:54:21.027Z'),
(492, 41.32, 115040.00, 4743.79, '2025-08-23T17:54:32.404Z'),
(493, 41.32, 115040.00, 4743.79, '2025-08-23T17:54:51.027Z'),
(494, 41.32, 115040.00, 4743.79, '2025-08-23T17:55:21.027Z'),
(495, 41.32, 115034.00, 4744.24, '2025-08-23T17:55:41.547Z'),
(496, 41.32, 115040.00, 4743.79, '2025-08-23T17:55:51.026Z'),
(497, 41.32, 115025.00, 4744.75, '2025-08-23T17:56:12.600Z'),
(498, 41.32, 115040.00, 4743.79, '2025-08-23T17:56:21.027Z'),
(499, 41.32, 115025.00, 4744.75, '2025-08-23T17:56:41.590Z'),
(500, 41.32, 115040.00, 4743.79, '2025-08-23T17:56:51.027Z'),
(501, 41.32, 115040.00, 4743.79, '2025-08-23T17:57:21.026Z'),
(502, 41.32, 115025.00, 4744.60, '2025-08-23T17:57:33.159Z'),
(503, 41.32, 115040.00, 4743.79, '2025-08-23T17:57:51.027Z'),
(504, 41.32, 115025.00, 4744.60, '2025-08-23T17:58:02.472Z'),
(505, 41.32, 115040.00, 4743.79, '2025-08-23T17:58:21.027Z'),
(506, 41.32, 115025.00, 4744.60, '2025-08-23T17:58:32.148Z'),
(507, 41.32, 115040.00, 4743.79, '2025-08-23T17:58:51.027Z'),
(508, 41.32, 115027.00, 4745.14, '2025-08-23T17:59:21.207Z'),
(509, 41.32, 115027.00, 4745.14, '2025-08-23T17:59:51.027Z'),
(510, 41.32, 115027.00, 4745.14, '2025-08-23T18:00:21.026Z'),
(511, 41.32, 115027.00, 4745.14, '2025-08-23T18:00:51.026Z'),
(512, 41.32, 115027.00, 4745.14, '2025-08-23T18:01:21.027Z'),
(513, 41.32, 115027.00, 4745.14, '2025-08-23T18:01:51.026Z'),
(514, 41.32, 115027.00, 4745.14, '2025-08-23T18:02:21.027Z'),
(515, 41.32, 115027.00, 4745.14, '2025-08-23T18:02:51.027Z'),
(516, 41.32, 115027.00, 4745.14, '2025-08-23T18:03:21.027Z'),
(517, 41.32, 115027.00, 4745.14, '2025-08-23T18:03:51.027Z'),
(518, 41.32, 115027.00, 4745.14, '2025-08-23T18:04:21.028Z'),
(519, 41.32, 115083.00, 4749.49, '2025-08-23T18:04:51.332Z'),
(520, 41.32, 115083.00, 4749.49, '2025-08-23T18:05:21.028Z'),
(521, 41.32, 115083.00, 4749.49, '2025-08-23T18:05:51.028Z'),
(522, 41.32, 115083.00, 4749.49, '2025-08-23T18:06:21.029Z'),
(523, 41.32, 115083.00, 4749.49, '2025-08-23T18:06:51.028Z'),
(524, 41.32, 115083.00, 4749.49, '2025-08-23T18:07:21.029Z'),
(525, 41.32, 115083.00, 4749.49, '2025-08-23T18:07:51.030Z'),
(526, 41.32, 115083.00, 4749.49, '2025-08-23T18:08:21.030Z'),
(527, 41.32, 115083.00, 4749.49, '2025-08-23T18:08:51.030Z'),
(528, 41.32, 115083.00, 4749.49, '2025-08-23T18:09:21.031Z'),
(529, 41.32, 115083.00, 4749.49, '2025-08-23T18:09:51.032Z'),
(530, 41.32, 115097.00, 4750.68, '2025-08-23T18:10:21.246Z'),
(531, 41.32, 115097.00, 4750.68, '2025-08-23T18:10:51.034Z'),
(532, 41.32, 115097.00, 4750.68, '2025-08-23T18:11:21.034Z'),
(533, 41.32, 115097.00, 4750.68, '2025-08-23T18:11:51.035Z'),
(534, 41.32, 115097.00, 4750.68, '2025-08-23T18:12:21.036Z'),
(535, 41.32, 115097.00, 4750.68, '2025-08-23T18:12:51.035Z'),
(536, 41.32, 115097.00, 4750.68, '2025-08-23T18:13:21.036Z'),
(537, 41.32, 115097.00, 4750.68, '2025-08-23T18:13:51.036Z'),
(538, 41.32, 115097.00, 4750.68, '2025-08-23T18:14:21.036Z'),
(539, 41.32, 115097.00, 4750.68, '2025-08-23T18:14:51.036Z'),
(540, 41.32, 115097.00, 4750.68, '2025-08-23T18:15:21.036Z'),
(541, 41.32, 115111.00, 4752.78, '2025-08-23T18:15:51.204Z'),
(542, 41.32, 115111.00, 4752.78, '2025-08-23T18:16:21.035Z'),
(543, 41.32, 115111.00, 4752.78, '2025-08-23T18:16:51.035Z'),
(544, 41.32, 115111.00, 4752.78, '2025-08-23T18:17:21.035Z'),
(545, 41.32, 115111.00, 4752.78, '2025-08-23T18:17:51.035Z'),
(546, 41.32, 115111.00, 4752.78, '2025-08-23T18:18:21.036Z'),
(547, 41.32, 115111.00, 4752.78, '2025-08-23T18:18:51.035Z'),
(548, 41.32, 115111.00, 4752.78, '2025-08-23T18:19:21.034Z'),
(549, 41.32, 115111.00, 4752.78, '2025-08-23T18:19:51.036Z'),
(550, 41.32, 115111.00, 4752.78, '2025-08-23T18:20:21.036Z'),
(551, 41.32, 115111.00, 4752.78, '2025-08-23T18:20:51.037Z'),
(552, 41.32, 115074.00, 4747.81, '2025-08-23T18:21:21.250Z'),
(553, 41.32, 115074.00, 4747.81, '2025-08-23T18:21:51.039Z'),
(554, 41.32, 115074.00, 4747.81, '2025-08-23T18:22:21.039Z'),
(555, 41.32, 115074.00, 4747.81, '2025-08-23T18:22:51.040Z'),
(556, 41.32, 115074.00, 4747.81, '2025-08-23T18:23:21.041Z'),
(557, 41.32, 115074.00, 4747.81, '2025-08-23T18:23:51.042Z'),
(558, 41.32, 115074.00, 4747.81, '2025-08-23T18:24:21.043Z'),
(559, 41.32, 115074.00, 4747.81, '2025-08-23T18:24:51.043Z'),
(560, 41.32, 115074.00, 4747.81, '2025-08-23T18:25:21.044Z'),
(561, 41.32, 115074.00, 4747.81, '2025-08-23T18:25:51.044Z'),
(562, 41.32, 115074.00, 4747.81, '2025-08-23T18:26:21.044Z'),
(563, 41.32, 115082.00, 4746.36, '2025-08-23T18:26:51.205Z'),
(564, 41.32, 115082.00, 4746.36, '2025-08-23T18:27:21.045Z'),
(565, 41.32, 115082.00, 4746.36, '2025-08-23T18:27:51.045Z'),
(566, 41.32, 115082.00, 4746.36, '2025-08-23T18:28:21.046Z'),
(567, 41.32, 115082.00, 4746.36, '2025-08-23T18:28:51.046Z'),
(568, 41.32, 115082.00, 4746.36, '2025-08-23T18:29:21.046Z'),
(569, 41.32, 115082.00, 4746.36, '2025-08-23T18:29:51.046Z'),
(570, 41.32, 115082.00, 4746.36, '2025-08-23T18:30:21.045Z'),
(571, 41.32, 115082.00, 4746.36, '2025-08-23T18:30:51.046Z'),
(572, 41.32, 115082.00, 4746.36, '2025-08-23T18:31:21.045Z'),
(573, 41.32, 115082.00, 4746.36, '2025-08-23T18:31:51.046Z'),
(574, 41.32, 115027.00, 4744.97, '2025-08-23T18:32:21.249Z'),
(575, 41.32, 115027.00, 4744.97, '2025-08-23T18:32:51.046Z'),
(576, 41.32, 115027.00, 4744.97, '2025-08-23T18:33:21.045Z'),
(577, 41.32, 115027.00, 4744.97, '2025-08-23T18:33:51.045Z'),
(578, 41.32, 115027.00, 4744.97, '2025-08-23T18:34:21.045Z'),
(579, 41.32, 115027.00, 4744.97, '2025-08-23T18:34:51.045Z'),
(580, 41.32, 115027.00, 4744.97, '2025-08-23T18:35:21.045Z'),
(581, 41.32, 115027.00, 4744.97, '2025-08-23T18:35:51.045Z'),
(582, 41.32, 115027.00, 4744.97, '2025-08-23T18:36:21.045Z'),
(583, 41.32, 115084.00, 4748.83, '2025-08-23T20:18:22.122Z'),
(584, 41.32, 115084.00, 4748.83, '2025-08-23T20:18:50.568Z'),
(585, 41.32, 115084.00, 4748.83, '2025-08-23T20:19:20.568Z'),
(586, 41.32, 115084.00, 4748.83, '2025-08-23T20:19:50.568Z'),
(587, 41.32, 115084.00, 4748.83, '2025-08-23T20:20:20.568Z'),
(588, 41.32, 115084.00, 4748.83, '2025-08-23T20:20:50.569Z'),
(589, 41.32, 115084.00, 4748.83, '2025-08-23T20:21:20.568Z'),
(590, 41.32, 115084.00, 4748.83, '2025-08-23T20:21:50.568Z'),
(591, 41.32, 115084.00, 4748.83, '2025-08-23T20:22:20.569Z'),
(592, 41.32, 115084.00, 4748.83, '2025-08-23T20:22:50.569Z'),
(593, 41.32, 115084.00, 4748.83, '2025-08-23T20:23:20.569Z'),
(594, 41.32, 115121.00, 4752.59, '2025-08-23T20:23:50.784Z'),
(595, 41.32, 115121.00, 4752.59, '2025-08-23T20:24:20.569Z'),
(596, 41.32, 115121.00, 4752.59, '2025-08-23T20:24:50.570Z'),
(597, 41.32, 115121.00, 4752.59, '2025-08-23T20:25:20.575Z'),
(598, 41.32, 115121.00, 4752.59, '2025-08-23T20:25:50.575Z'),
(599, 41.32, 115121.00, 4752.59, '2025-08-23T20:26:20.575Z'),
(600, 41.32, 115121.00, 4752.59, '2025-08-23T20:26:50.575Z'),
(601, 41.32, 115121.00, 4752.59, '2025-08-23T20:27:20.575Z'),
(602, 41.32, 115121.00, 4752.59, '2025-08-23T20:27:50.576Z'),
(603, 41.32, 115121.00, 4752.59, '2025-08-23T20:28:20.577Z'),
(604, 41.32, 115121.00, 4752.59, '2025-08-23T20:28:50.578Z'),
(605, 41.32, 115162.00, 4755.22, '2025-08-23T20:29:20.810Z'),
(606, 41.32, 115162.00, 4755.22, '2025-08-23T20:29:50.580Z'),
(607, 41.32, 115162.00, 4755.22, '2025-08-23T20:30:20.581Z'),
(608, 41.32, 115162.00, 4755.22, '2025-08-23T20:30:50.581Z'),
(609, 41.32, 115162.00, 4755.22, '2025-08-23T20:31:20.582Z'),
(610, 41.32, 115162.00, 4755.22, '2025-08-23T20:31:50.583Z'),
(611, 41.32, 115162.00, 4755.22, '2025-08-23T20:32:20.582Z'),
(612, 41.32, 115162.00, 4755.22, '2025-08-23T20:32:50.582Z'),
(613, 41.32, 115162.00, 4755.22, '2025-08-23T20:33:20.581Z'),
(614, 41.32, 115162.00, 4755.22, '2025-08-23T20:33:50.582Z'),
(615, 41.32, 115162.00, 4755.22, '2025-08-23T20:34:20.582Z'),
(616, 41.32, 115231.00, 4754.65, '2025-08-23T20:34:50.762Z'),
(617, 41.32, 115231.00, 4754.65, '2025-08-23T20:35:20.582Z'),
(618, 41.32, 115231.00, 4754.65, '2025-08-23T20:35:50.582Z'),
(619, 41.32, 115231.00, 4754.65, '2025-08-23T20:36:20.582Z'),
(620, 41.32, 115231.00, 4754.65, '2025-08-23T20:36:50.582Z'),
(621, 41.32, 115231.00, 4754.65, '2025-08-23T20:37:20.582Z'),
(622, 41.32, 115231.00, 4754.65, '2025-08-23T20:37:50.582Z'),
(623, 41.32, 115231.00, 4754.65, '2025-08-23T20:38:20.582Z'),
(624, 41.32, 115231.00, 4754.65, '2025-08-23T20:38:50.582Z'),
(625, 41.32, 115231.00, 4754.65, '2025-08-23T20:39:20.582Z'),
(626, 41.32, 115231.00, 4754.65, '2025-08-23T20:39:50.582Z'),
(627, 41.32, 115141.00, 4749.78, '2025-08-23T20:40:20.789Z'),
(628, 41.32, 115141.00, 4749.78, '2025-08-23T20:40:50.582Z'),
(629, 41.32, 115141.00, 4749.78, '2025-08-23T20:41:20.583Z'),
(630, 41.32, 115141.00, 4749.78, '2025-08-23T20:41:50.584Z'),
(631, 41.32, 115141.00, 4749.78, '2025-08-23T20:42:20.584Z'),
(632, 41.32, 115141.00, 4749.78, '2025-08-23T20:42:50.585Z'),
(633, 41.32, 115141.00, 4749.78, '2025-08-23T20:43:20.585Z'),
(634, 41.32, 115141.00, 4749.78, '2025-08-23T20:43:50.585Z'),
(635, 41.32, 115141.00, 4749.78, '2025-08-23T20:44:20.585Z'),
(636, 41.32, 115141.00, 4749.78, '2025-08-23T20:44:50.585Z'),
(637, 41.32, 115141.00, 4749.78, '2025-08-23T20:45:20.586Z'),
(638, 41.32, 115130.00, 4744.47, '2025-08-23T20:45:50.730Z'),
(639, 41.32, 115130.00, 4744.47, '2025-08-23T20:46:20.587Z'),
(640, 41.32, 115130.00, 4744.47, '2025-08-23T20:46:50.588Z'),
(641, 41.32, 115130.00, 4744.47, '2025-08-23T20:47:20.588Z'),
(642, 41.32, 115130.00, 4744.47, '2025-08-23T20:47:50.588Z'),
(643, 41.32, 115130.00, 4744.47, '2025-08-23T20:48:20.589Z'),
(644, 41.32, 115130.00, 4744.47, '2025-08-23T20:48:50.590Z'),
(645, 41.32, 115130.00, 4744.47, '2025-08-23T20:49:20.591Z'),
(646, 41.32, 115130.00, 4744.47, '2025-08-23T20:49:50.591Z'),
(647, 41.32, 115130.00, 4744.47, '2025-08-23T20:50:20.591Z'),
(648, 41.32, 115130.00, 4744.47, '2025-08-23T20:50:50.592Z'),
(649, 41.32, 115158.00, 4747.72, '2025-08-23T20:51:20.738Z'),
(650, 41.32, 115158.00, 4747.72, '2025-08-23T20:51:50.591Z'),
(651, 41.32, 115158.00, 4747.72, '2025-08-23T20:52:20.591Z'),
(652, 41.32, 115158.00, 4747.72, '2025-08-23T20:52:50.591Z'),
(653, 41.32, 115158.00, 4747.72, '2025-08-23T20:53:20.591Z'),
(654, 41.32, 115158.00, 4747.72, '2025-08-23T20:53:50.591Z'),
(655, 41.32, 115158.00, 4747.72, '2025-08-23T20:54:20.591Z'),
(656, 41.32, 115158.00, 4747.72, '2025-08-23T20:54:50.591Z'),
(657, 41.32, 115158.00, 4747.72, '2025-08-23T20:55:20.591Z'),
(658, 41.32, 115158.00, 4747.72, '2025-08-23T20:55:50.591Z'),
(659, 41.32, 115158.00, 4747.72, '2025-08-23T20:56:20.591Z'),
(660, 41.32, 115172.00, 4748.35, '2025-08-23T20:56:50.725Z'),
(661, 41.32, 115172.00, 4748.35, '2025-08-23T20:57:20.591Z'),
(662, 41.32, 115172.00, 4748.35, '2025-08-23T20:57:50.591Z'),
(663, 41.32, 115172.00, 4748.35, '2025-08-23T20:58:20.591Z'),
(664, 41.32, 115172.00, 4748.35, '2025-08-23T20:58:50.592Z'),
(665, 41.32, 115172.00, 4748.35, '2025-08-23T20:59:20.592Z'),
(666, 41.32, 115172.00, 4748.35, '2025-08-23T20:59:50.592Z'),
(667, 41.32, 115172.00, 4748.35, '2025-08-23T21:00:20.592Z'),
(668, 41.32, 115172.00, 4748.35, '2025-08-23T21:00:50.593Z'),
(669, 41.32, 115172.00, 4748.35, '2025-08-23T21:01:20.593Z'),
(670, 41.32, 115172.00, 4748.35, '2025-08-23T21:01:50.594Z'),
(671, 41.32, 115219.00, 4746.36, '2025-08-23T21:02:20.802Z'),
(672, 41.32, 115219.00, 4746.36, '2025-08-23T21:02:50.595Z'),
(673, 41.32, 115219.00, 4746.36, '2025-08-23T21:03:20.595Z'),
(674, 41.32, 115219.00, 4746.36, '2025-08-23T21:03:50.595Z'),
(675, 41.32, 115219.00, 4746.36, '2025-08-23T21:04:20.596Z'),
(676, 41.32, 115219.00, 4746.36, '2025-08-23T21:04:50.596Z'),
(677, 41.32, 115219.00, 4746.36, '2025-08-23T21:05:20.597Z'),
(678, 41.32, 115219.00, 4746.36, '2025-08-23T21:05:50.598Z'),
(679, 41.32, 115219.00, 4746.36, '2025-08-23T21:06:20.599Z'),
(680, 41.32, 115219.00, 4746.36, '2025-08-23T21:06:50.599Z'),
(681, 41.32, 115219.00, 4746.36, '2025-08-23T21:07:20.599Z'),
(682, 41.32, 115204.00, 4749.25, '2025-08-23T21:07:50.738Z'),
(683, 41.32, 115204.00, 4749.25, '2025-08-23T21:08:20.600Z'),
(684, 41.32, 115204.00, 4749.25, '2025-08-23T21:08:50.599Z'),
(685, 41.32, 115204.00, 4749.25, '2025-08-23T21:09:20.599Z'),
(686, 41.32, 115204.00, 4749.25, '2025-08-23T21:09:50.599Z'),
(687, 41.32, 115204.00, 4749.25, '2025-08-23T21:10:20.599Z'),
(688, 41.32, 115171.00, 4746.26, '2025-08-23T21:10:34.627Z'),
(689, 41.32, 115171.00, 4746.26, '2025-08-23T21:11:04.248Z'),
(690, 41.32, 115171.00, 4746.26, '2025-08-23T21:11:34.248Z'),
(691, 41.32, 115171.00, 4746.26, '2025-08-23T21:12:04.249Z'),
(692, 41.32, 115171.00, 4746.26, '2025-08-23T21:12:34.249Z'),
(693, 41.32, 115171.00, 4746.26, '2025-08-23T21:13:04.253Z'),
(694, 41.32, 115171.00, 4746.26, '2025-08-23T21:13:34.254Z'),
(695, 41.32, 115171.00, 4746.26, '2025-08-23T21:14:04.255Z'),
(696, 41.32, 115171.00, 4746.26, '2025-08-23T21:14:34.255Z'),
(697, 41.32, 115171.00, 4746.26, '2025-08-23T21:15:04.254Z'),
(698, 41.32, 115171.00, 4746.26, '2025-08-23T21:15:34.254Z'),
(699, 41.32, 115077.00, 4747.73, '2025-08-23T21:16:04.457Z'),
(700, 41.32, 115077.00, 4747.73, '2025-08-23T21:16:34.254Z'),
(701, 41.32, 115077.00, 4747.73, '2025-08-23T21:17:04.254Z'),
(702, 41.32, 115077.00, 4747.73, '2025-08-23T21:17:34.254Z'),
(703, 41.32, 115077.00, 4747.73, '2025-08-23T21:18:04.254Z'),
(704, 41.32, 115077.00, 4747.73, '2025-08-23T21:18:34.254Z'),
(705, 41.32, 115077.00, 4747.73, '2025-08-23T21:19:04.254Z'),
(706, 41.32, 115077.00, 4747.73, '2025-08-23T21:19:34.254Z'),
(707, 41.32, 115077.00, 4747.73, '2025-08-23T21:20:04.254Z'),
(708, 41.32, 115077.00, 4747.73, '2025-08-23T21:20:34.254Z'),
(709, 41.32, 115077.00, 4747.73, '2025-08-23T21:21:04.255Z'),
(710, 41.32, 115085.00, 4745.93, '2025-08-23T21:21:34.486Z'),
(711, 41.32, 115085.00, 4745.93, '2025-08-23T21:22:04.254Z'),
(712, 41.32, 115085.00, 4745.93, '2025-08-23T21:22:34.254Z'),
(713, 41.32, 115085.00, 4745.93, '2025-08-23T21:23:04.254Z'),
(714, 41.32, 115085.00, 4745.93, '2025-08-23T21:23:34.255Z'),
(715, 41.32, 115085.00, 4745.93, '2025-08-23T21:24:04.255Z'),
(716, 41.32, 115085.00, 4745.93, '2025-08-23T21:24:34.255Z'),
(717, 41.32, 115085.00, 4745.93, '2025-08-23T21:25:04.255Z'),
(718, 41.32, 115085.00, 4745.93, '2025-08-23T21:25:34.255Z'),
(719, 41.32, 115085.00, 4745.93, '2025-08-23T21:26:04.255Z'),
(720, 41.32, 115085.00, 4745.93, '2025-08-23T21:26:34.256Z'),
(721, 41.32, 115051.00, 4741.39, '2025-08-23T21:27:04.505Z'),
(722, 41.32, 115051.00, 4741.39, '2025-08-23T21:27:34.258Z'),
(723, 41.32, 115051.00, 4741.39, '2025-08-23T21:28:04.258Z'),
(724, 41.32, 115051.00, 4741.39, '2025-08-23T21:28:34.258Z'),
(725, 41.32, 115051.00, 4741.39, '2025-08-23T21:29:04.259Z'),
(726, 41.32, 115051.00, 4741.39, '2025-08-23T21:29:34.260Z'),
(727, 41.32, 115051.00, 4741.39, '2025-08-23T21:30:04.260Z'),
(728, 41.32, 115051.00, 4741.39, '2025-08-23T21:30:34.259Z'),
(729, 41.32, 115051.00, 4741.39, '2025-08-23T21:31:04.259Z'),
(730, 41.32, 115051.00, 4741.39, '2025-08-23T21:31:34.259Z'),
(731, 41.32, 115051.00, 4741.39, '2025-08-23T21:32:04.259Z'),
(732, 41.32, 115028.00, 4738.27, '2025-08-23T21:32:34.453Z'),
(733, 41.32, 115028.00, 4738.27, '2025-08-23T21:33:04.259Z'),
(734, 41.32, 115028.00, 4738.27, '2025-08-23T21:33:34.260Z'),
(735, 41.32, 115028.00, 4738.27, '2025-08-23T21:34:04.260Z'),
(736, 41.32, 115028.00, 4738.27, '2025-08-23T21:34:34.260Z'),
(737, 41.32, 115028.00, 4738.27, '2025-08-23T21:35:04.260Z'),
(738, 41.32, 115028.00, 4738.27, '2025-08-23T21:35:34.260Z'),
(739, 41.32, 115028.00, 4738.27, '2025-08-23T21:36:04.260Z'),
(740, 41.32, 115028.00, 4738.27, '2025-08-23T21:36:34.260Z'),
(741, 41.32, 115028.00, 4738.27, '2025-08-23T21:37:04.260Z'),
(742, 41.32, 115028.00, 4738.27, '2025-08-23T21:37:34.260Z'),
(743, 41.32, 115022.00, 4740.75, '2025-08-23T21:38:04.445Z'),
(744, 41.32, 115022.00, 4740.75, '2025-08-23T21:38:34.261Z'),
(745, 41.32, 115022.00, 4740.75, '2025-08-23T21:39:04.262Z'),
(746, 41.32, 115022.00, 4740.75, '2025-08-23T21:39:34.262Z'),
(747, 41.32, 115022.00, 4740.75, '2025-08-23T21:40:04.263Z'),
(748, 41.32, 115022.00, 4740.75, '2025-08-23T21:40:34.263Z'),
(749, 41.32, 115022.00, 4740.75, '2025-08-23T21:41:04.263Z'),
(750, 41.32, 115022.00, 4740.75, '2025-08-23T21:41:34.264Z'),
(751, 41.32, 115022.00, 4740.75, '2025-08-23T21:42:04.264Z'),
(752, 41.32, 115022.00, 4740.75, '2025-08-23T21:42:34.265Z'),
(753, 41.32, 115022.00, 4740.75, '2025-08-23T21:43:04.265Z'),
(754, 41.32, 114977.00, 4739.91, '2025-08-23T21:43:34.395Z'),
(755, 41.32, 114977.00, 4739.91, '2025-08-23T21:44:04.266Z'),
(756, 41.32, 114977.00, 4739.91, '2025-08-23T21:44:34.267Z'),
(757, 41.32, 114977.00, 4739.91, '2025-08-23T21:45:04.267Z'),
(758, 41.32, 114977.00, 4739.91, '2025-08-23T21:45:34.268Z'),
(759, 41.32, 114977.00, 4739.91, '2025-08-23T21:46:04.269Z'),
(760, 41.32, 114977.00, 4739.91, '2025-08-23T21:46:34.269Z'),
(761, 41.32, 114977.00, 4739.91, '2025-08-23T21:47:04.270Z'),
(762, 41.32, 114977.00, 4739.91, '2025-08-23T21:47:34.270Z'),
(763, 41.32, 114977.00, 4739.91, '2025-08-23T21:48:04.269Z'),
(764, 41.32, 114977.00, 4739.91, '2025-08-23T21:48:34.269Z'),
(765, 41.32, 115027.00, 4746.19, '2025-08-23T21:49:04.466Z'),
(766, 41.32, 115027.00, 4746.19, '2025-08-23T21:49:34.270Z'),
(767, 41.32, 115027.00, 4746.19, '2025-08-23T21:50:04.270Z'),
(768, 41.32, 115027.00, 4746.19, '2025-08-23T21:50:34.271Z'),
(769, 41.32, 115027.00, 4746.19, '2025-08-23T21:51:04.270Z'),
(770, 41.32, 115027.00, 4746.19, '2025-08-23T21:51:34.270Z'),
(771, 41.32, 115027.00, 4746.19, '2025-08-23T21:52:04.271Z'),
(772, 41.32, 115027.00, 4746.19, '2025-08-23T21:52:34.270Z'),
(773, 41.32, 115027.00, 4746.19, '2025-08-23T21:53:04.270Z'),
(774, 41.32, 115027.00, 4746.19, '2025-08-23T21:53:34.270Z'),
(775, 41.32, 115027.00, 4746.19, '2025-08-23T21:54:04.270Z'),
(776, 41.32, 115131.00, 4744.95, '2025-08-23T21:54:34.422Z'),
(777, 41.32, 115131.00, 4744.95, '2025-08-23T21:55:04.270Z'),
(778, 41.32, 115131.00, 4744.95, '2025-08-23T21:55:34.270Z'),
(779, 41.32, 115131.00, 4744.95, '2025-08-23T21:56:04.271Z'),
(780, 41.32, 115131.00, 4744.95, '2025-08-23T21:56:34.271Z'),
(781, 41.32, 115131.00, 4744.95, '2025-08-23T21:57:04.271Z'),
(782, 41.32, 115131.00, 4744.95, '2025-08-23T21:57:34.271Z'),
(783, 41.32, 115131.00, 4744.95, '2025-08-23T21:58:04.272Z'),
(784, 41.32, 115131.00, 4744.95, '2025-08-23T21:58:34.273Z'),
(785, 41.32, 115131.00, 4744.95, '2025-08-23T21:59:04.274Z'),
(786, 41.32, 115131.00, 4744.95, '2025-08-23T21:59:34.275Z'),
(787, 41.32, 115064.00, 4745.37, '2025-08-23T22:00:04.480Z'),
(788, 41.32, 115064.00, 4745.37, '2025-08-23T22:00:34.275Z'),
(789, 41.32, 115020.00, 4748.24, '2025-08-23T22:01:34.648Z'),
(790, 41.32, 115020.00, 4748.24, '2025-08-23T22:02:03.558Z'),
(791, 41.32, 115020.00, 4748.24, '2025-08-23T22:02:33.559Z'),
(792, 41.32, 115014.00, 4749.75, '2025-08-23T22:02:53.159Z'),
(793, 41.32, 115014.00, 4749.75, '2025-08-23T22:03:21.958Z'),
(794, 41.32, 115014.00, 4749.75, '2025-08-23T22:03:51.958Z'),
(795, 41.32, 115014.00, 4749.75, '2025-08-23T22:04:21.959Z'),
(796, 41.32, 115014.00, 4749.75, '2025-08-23T22:04:51.958Z'),
(797, 41.32, 115014.00, 4749.75, '2025-08-23T22:05:21.959Z'),
(798, 41.32, 115014.00, 4749.75, '2025-08-23T22:05:51.958Z'),
(799, 41.32, 115014.00, 4749.75, '2025-08-23T22:06:21.959Z'),
(800, 41.32, 115014.00, 4749.75, '2025-08-23T22:06:51.958Z'),
(801, 41.32, 115014.00, 4749.75, '2025-08-23T22:07:21.958Z'),
(802, 41.32, 115014.00, 4749.75, '2025-08-23T22:07:51.959Z'),
(803, 41.32, 115141.00, 4754.10, '2025-08-23T22:08:22.166Z'),
(804, 41.32, 115141.00, 4754.10, '2025-08-23T22:08:51.959Z'),
(805, 41.32, 115141.00, 4754.10, '2025-08-23T22:09:21.959Z'),
(806, 41.32, 115141.00, 4754.10, '2025-08-23T22:09:51.960Z'),
(807, 41.32, 115141.00, 4754.10, '2025-08-23T22:10:21.959Z'),
(808, 41.32, 115141.00, 4754.10, '2025-08-23T22:10:51.959Z'),
(809, 41.32, 115141.00, 4754.10, '2025-08-23T22:11:21.960Z'),
(810, 41.32, 115141.00, 4754.10, '2025-08-23T22:11:51.959Z'),
(811, 41.32, 115141.00, 4754.10, '2025-08-23T22:12:21.959Z'),
(812, 41.32, 115141.00, 4754.10, '2025-08-23T22:12:51.959Z'),
(813, 41.32, 115141.00, 4754.10, '2025-08-23T22:13:21.959Z'),
(814, 41.32, 115214.00, 4753.90, '2025-08-23T22:13:52.175Z'),
(815, 41.32, 115214.00, 4753.90, '2025-08-23T22:14:21.959Z'),
(816, 41.32, 115214.00, 4753.90, '2025-08-23T22:14:51.959Z'),
(817, 41.32, 115214.00, 4753.90, '2025-08-23T22:15:21.959Z'),
(818, 41.32, 115214.00, 4753.90, '2025-08-23T22:15:51.959Z'),
(819, 41.32, 115214.00, 4753.90, '2025-08-23T22:16:21.959Z'),
(820, 41.32, 115214.00, 4753.90, '2025-08-23T22:16:51.959Z'),
(821, 41.32, 115214.00, 4753.90, '2025-08-23T22:17:21.959Z'),
(822, 41.32, 115214.00, 4753.90, '2025-08-23T22:17:51.959Z'),
(823, 41.32, 115214.00, 4753.90, '2025-08-23T22:18:21.959Z'),
(824, 41.32, 115214.00, 4753.90, '2025-08-23T22:18:51.959Z'),
(825, 41.32, 115232.00, 4759.51, '2025-08-23T22:19:22.116Z'),
(826, 41.32, 115232.00, 4759.51, '2025-08-23T22:19:51.960Z'),
(827, 41.32, 115232.00, 4759.51, '2025-08-23T22:20:21.960Z'),
(828, 41.32, 115232.00, 4759.51, '2025-08-23T22:20:51.960Z'),
(829, 41.32, 115232.00, 4759.51, '2025-08-23T22:21:21.960Z'),
(830, 41.32, 115232.00, 4759.51, '2025-08-23T22:21:51.961Z'),
(831, 41.32, 115232.00, 4759.51, '2025-08-23T22:22:21.961Z'),
(832, 41.32, 115232.00, 4759.51, '2025-08-23T22:22:51.962Z'),
(833, 41.32, 115232.00, 4759.51, '2025-08-23T22:23:21.962Z'),
(834, 41.32, 115232.00, 4759.51, '2025-08-23T22:23:51.962Z'),
(835, 41.32, 115232.00, 4759.51, '2025-08-23T22:24:21.962Z'),
(836, 41.32, 115223.00, 4758.60, '2025-08-23T22:24:52.144Z'),
(837, 41.32, 115223.00, 4758.60, '2025-08-23T22:25:21.962Z'),
(838, 41.32, 115223.00, 4758.60, '2025-08-23T22:25:51.963Z'),
(839, 41.32, 115223.00, 4758.60, '2025-08-23T22:26:21.962Z'),
(840, 41.32, 115223.00, 4758.60, '2025-08-23T22:26:51.962Z'),
(841, 41.32, 115223.00, 4758.60, '2025-08-23T22:27:21.963Z'),
(842, 41.32, 115223.00, 4758.60, '2025-08-23T22:27:51.963Z'),
(843, 41.32, 115223.00, 4758.60, '2025-08-23T22:28:21.963Z'),
(844, 41.32, 115223.00, 4758.60, '2025-08-23T22:28:51.964Z'),
(845, 41.32, 115223.00, 4758.60, '2025-08-23T22:29:21.964Z'),
(846, 41.32, 115223.00, 4758.60, '2025-08-23T22:29:51.964Z'),
(847, 41.32, 115214.00, 4759.86, '2025-08-23T22:30:22.164Z'),
(848, 41.32, 115214.00, 4759.86, '2025-08-23T22:30:51.964Z'),
(849, 41.32, 115214.00, 4759.86, '2025-08-23T22:31:21.964Z'),
(850, 41.32, 115214.00, 4759.86, '2025-08-23T22:31:51.964Z'),
(851, 41.32, 115214.00, 4759.86, '2025-08-23T22:32:21.964Z'),
(852, 41.32, 115214.00, 4759.86, '2025-08-23T22:32:51.965Z'),
(853, 41.32, 115214.00, 4759.86, '2025-08-23T22:33:21.966Z'),
(854, 41.32, 115214.00, 4759.86, '2025-08-23T22:33:51.966Z'),
(855, 41.32, 115214.00, 4759.86, '2025-08-23T22:34:21.966Z'),
(856, 41.32, 115214.00, 4759.86, '2025-08-23T22:34:51.967Z'),
(857, 41.32, 115214.00, 4759.86, '2025-08-23T22:35:21.967Z'),
(858, 41.32, 115241.00, 4759.06, '2025-08-23T22:35:52.214Z'),
(859, 41.32, 115241.00, 4759.06, '2025-08-23T22:36:21.967Z'),
(860, 41.32, 115241.00, 4759.06, '2025-08-23T22:36:51.967Z'),
(861, 41.32, 115241.00, 4759.06, '2025-08-23T22:37:21.967Z'),
(862, 41.32, 115241.00, 4759.06, '2025-08-23T22:37:51.968Z'),
(863, 41.32, 115241.00, 4759.06, '2025-08-23T22:38:21.969Z'),
(864, 41.32, 115241.00, 4759.06, '2025-08-23T22:38:51.969Z'),
(865, 41.32, 115241.00, 4759.06, '2025-08-23T22:39:21.968Z'),
(866, 41.32, 115241.00, 4759.06, '2025-08-23T22:39:51.968Z'),
(867, 41.32, 115241.00, 4759.06, '2025-08-23T22:40:21.968Z'),
(868, 41.32, 115241.00, 4759.06, '2025-08-23T22:40:51.968Z'),
(869, 41.32, 115231.00, 4760.42, '2025-08-23T22:41:22.145Z'),
(870, 41.32, 115231.00, 4760.42, '2025-08-23T22:41:51.968Z'),
(871, 41.32, 115231.00, 4760.42, '2025-08-23T22:42:21.968Z'),
(872, 41.32, 115231.00, 4760.42, '2025-08-23T22:42:51.968Z'),
(873, 41.32, 115231.00, 4760.42, '2025-08-23T22:43:21.968Z'),
(874, 41.32, 115231.00, 4760.42, '2025-08-23T22:43:51.968Z'),
(875, 41.32, 115231.00, 4760.42, '2025-08-23T22:44:21.968Z'),
(876, 41.32, 115231.00, 4760.42, '2025-08-23T22:44:51.969Z'),
(877, 41.32, 115231.00, 4760.42, '2025-08-23T22:45:21.968Z'),
(878, 41.32, 115231.00, 4760.42, '2025-08-23T22:45:51.969Z'),
(879, 41.32, 115231.00, 4760.42, '2025-08-23T22:46:21.968Z'),
(880, 41.32, 115205.00, 4758.37, '2025-08-23T22:46:52.190Z'),
(881, 41.32, 115205.00, 4758.37, '2025-08-23T22:47:21.968Z'),
(882, 41.32, 115205.00, 4758.37, '2025-08-23T22:47:51.968Z'),
(883, 41.32, 115205.00, 4758.37, '2025-08-23T22:48:21.968Z'),
(884, 41.32, 115205.00, 4758.37, '2025-08-23T22:48:51.968Z'),
(885, 41.32, 115205.00, 4758.37, '2025-08-23T22:49:21.969Z'),
(886, 41.32, 115205.00, 4758.37, '2025-08-23T22:49:51.969Z'),
(887, 41.32, 115205.00, 4758.37, '2025-08-23T22:50:21.969Z'),
(888, 41.32, 115205.00, 4758.37, '2025-08-23T22:50:51.969Z'),
(889, 41.32, 115205.00, 4758.37, '2025-08-23T22:51:21.969Z'),
(890, 41.32, 115205.00, 4758.37, '2025-08-23T22:51:51.969Z'),
(891, 41.32, 115225.00, 4762.23, '2025-08-23T22:52:22.198Z'),
(892, 41.32, 115225.00, 4762.23, '2025-08-23T22:52:51.970Z'),
(893, 41.32, 115225.00, 4762.23, '2025-08-23T22:53:21.969Z'),
(894, 41.32, 115225.00, 4762.23, '2025-08-23T22:53:51.969Z'),
(895, 41.32, 115225.00, 4762.23, '2025-08-23T22:54:21.970Z'),
(896, 41.32, 115225.00, 4762.23, '2025-08-23T22:54:51.970Z'),
(897, 41.32, 115225.00, 4762.23, '2025-08-23T22:55:21.970Z'),
(898, 41.32, 115225.00, 4762.23, '2025-08-23T22:55:51.970Z'),
(899, 41.32, 115225.00, 4762.23, '2025-08-23T22:56:21.971Z'),
(900, 41.32, 115225.00, 4762.23, '2025-08-23T22:56:51.970Z'),
(901, 41.32, 115225.00, 4762.23, '2025-08-23T22:57:21.971Z'),
(902, 41.32, 115254.00, 4766.97, '2025-08-23T22:57:52.168Z'),
(909, 41.32, 115254.00, 4766.97, '2025-08-23T23:01:21.970Z'),
(910, 41.32, 115254.00, 4766.97, '2025-08-23T23:01:51.970Z'),
(911, 41.32, 115254.00, 4766.97, '2025-08-23T23:02:21.970Z'),
(914, 41.32, 115277.00, 4782.23, '2025-08-23T23:03:51.970Z'),
(915, 41.32, 115277.00, 4782.23, '2025-08-23T23:04:21.970Z'),
(918, 41.32, 115268.00, 4782.88, '2025-08-23T23:04:59.447Z'),
(919, 41.32, 115277.00, 4782.23, '2025-08-23T23:05:21.970Z'),
(921, 41.32, 115277.00, 4782.23, '2025-08-23T23:05:51.970Z'),
(926, 41.32, 115268.00, 4782.88, '2025-08-23T23:06:59.449Z'),
(928, 41.32, 115268.00, 4782.88, '2025-08-23T23:07:29.449Z'),
(931, 41.32, 115277.00, 4782.23, '2025-08-23T23:08:21.971Z'),
(932, 41.32, 115268.00, 4782.88, '2025-08-23T23:08:29.449Z'),
(936, 41.32, 115268.00, 4782.88, '2025-08-23T23:09:29.450Z'),
(939, 41.32, 115275.00, 4785.86, '2025-08-23T23:10:21.972Z'),
(940, 41.32, 115274.00, 4785.55, '2025-08-23T23:10:29.451Z'),
(941, 41.32, 115275.00, 4785.86, '2025-08-23T23:10:51.971Z'),
(943, 41.32, 115275.00, 4785.86, '2025-08-23T23:11:21.972Z'),
(945, 41.32, 115275.00, 4785.86, '2025-08-23T23:11:51.971Z'),
(947, 41.32, 115275.00, 4785.86, '2025-08-23T23:12:21.971Z'),
(1294, 41.32, 115387.00, 4799.00, '2025-08-24T00:38:59.502Z'),
(1296, 41.32, 115387.00, 4799.00, '2025-08-24T00:39:29.503Z'),
(1302, 41.32, 115387.00, 4799.00, '2025-08-24T00:40:59.504Z'),
(1305, 41.32, 115387.00, 4802.77, '2025-08-24T00:41:51.997Z'),
(1306, 41.32, 115387.00, 4799.00, '2025-08-24T00:41:59.505Z'),
(1307, 41.32, 115425.00, 4803.06, '2025-08-24T00:42:22.210Z'),
(1313, 41.32, 115425.00, 4803.06, '2025-08-24T00:43:51.997Z'),
(1317, 41.32, 115425.00, 4803.06, '2025-08-24T00:44:51.998Z'),
(1323, 41.32, 115425.00, 4803.06, '2025-08-24T00:46:21.999Z'),
(1324, 41.32, 115467.00, 4806.15, '2025-08-24T00:46:29.509Z'),
(1325, 41.32, 115425.00, 4803.06, '2025-08-24T00:46:51.999Z'),
(1336, 41.32, 115381.00, 4806.68, '2025-08-24T00:49:29.509Z'),
(1340, 41.32, 115381.00, 4806.68, '2025-08-24T00:50:29.509Z'),
(1341, 41.32, 115396.00, 4806.72, '2025-08-24T00:50:52.000Z'),
(1347, 41.32, 115396.00, 4806.72, '2025-08-24T00:52:22.000Z'),
(1348, 41.32, 115381.00, 4806.68, '2025-08-24T00:52:29.510Z'),
(1349, 41.32, 115396.00, 4806.72, '2025-08-24T00:52:52.000Z'),
(1354, 41.32, 115381.00, 4806.68, '2025-08-24T00:53:59.509Z'),
(1367, 41.32, 115346.00, 4798.93, '2025-08-24T00:57:22.001Z'),
(1370, 41.32, 115319.00, 4796.60, '2025-08-24T00:57:59.511Z'),
(1374, 41.32, 115319.00, 4796.60, '2025-08-24T00:58:59.512Z'),
(1375, 41.32, 115330.00, 4797.95, '2025-08-24T00:59:22.000Z'),
(1376, 41.32, 115319.00, 4796.60, '2025-08-24T00:59:29.513Z'),
(1381, 41.32, 115330.00, 4797.95, '2025-08-24T01:00:52.001Z'),
(1382, 41.32, 115321.00, 4798.03, '2025-08-24T01:00:59.514Z'),
(1388, 41.32, 115321.00, 4798.03, '2025-08-24T01:02:29.514Z'),
(1390, 41.32, 115321.00, 4798.03, '2025-08-24T01:02:59.515Z'),
(1393, 41.32, 115330.00, 4797.95, '2025-08-24T01:03:52.005Z'),
(1395, 41.32, 115264.00, 4787.17, '2025-08-24T01:04:22.225Z'),
(1397, 41.32, 115264.00, 4787.17, '2025-08-24T01:04:52.006Z'),
(1399, 41.32, 115264.00, 4787.17, '2025-08-24T01:05:22.006Z'),
(1400, 41.32, 115296.00, 4786.28, '2025-08-24T01:05:29.729Z'),
(1402, 41.32, 115296.00, 4786.28, '2025-08-24T01:05:59.517Z'),
(1408, 41.32, 115296.00, 4786.28, '2025-08-24T01:07:29.517Z'),
(1409, 41.32, 115264.00, 4787.17, '2025-08-24T01:07:52.006Z'),
(1412, 41.32, 115296.00, 4786.28, '2025-08-24T01:08:29.517Z'),
(1415, 41.32, 115264.00, 4787.17, '2025-08-24T01:09:22.006Z'),
(1420, 41.32, 115296.00, 4786.28, '2025-08-24T01:10:29.517Z'),
(1425, 41.32, 115353.00, 4778.03, '2025-08-24T01:11:52.008Z'),
(1426, 41.32, 115337.00, 4779.07, '2025-08-24T01:11:59.517Z'),
(1428, 41.32, 115337.00, 4779.07, '2025-08-24T01:12:29.518Z'),
(1430, 41.32, 115337.00, 4779.07, '2025-08-24T01:12:59.518Z'),
(1435, 41.32, 115353.00, 4778.03, '2025-08-24T01:14:22.009Z'),
(1436, 41.32, 115337.00, 4779.07, '2025-08-24T01:14:29.520Z'),
(1441, 41.32, 115296.00, 4771.27, '2025-08-24T01:15:52.008Z'),
(1446, 41.32, 115296.00, 4771.27, '2025-08-24T01:16:59.524Z'),
(1702, 41.32, 114880.00, 4773.79, '2025-08-24T06:29:15.348Z'),
(1704, 41.32, 114880.00, 4773.79, '2025-08-24T06:30:15.348Z'),
(1705, 41.32, 114880.00, 4773.79, '2025-08-24T06:30:45.348Z'),
(1706, 41.32, 114880.00, 4773.79, '2025-08-24T06:31:15.348Z'),
(1708, 41.32, 114880.00, 4773.79, '2025-08-24T06:32:15.349Z'),
(1964, 41.32, 114774.00, 4770.79, '2025-08-24T08:36:02.482Z'),
(1965, 41.32, 114774.00, 4770.79, '2025-08-24T08:36:32.482Z'),
(1966, 41.32, 114774.00, 4770.79, '2025-08-24T08:37:02.482Z'),
(1967, 41.32, 114774.00, 4770.79, '2025-08-24T08:37:32.482Z'),
(1968, 41.32, 114774.00, 4770.79, '2025-08-24T08:38:02.482Z'),
(1969, 41.32, 114774.00, 4770.79, '2025-08-24T08:38:32.482Z'),
(1970, 41.32, 114774.00, 4770.79, '2025-08-24T08:39:02.483Z'),
(1971, 41.32, 114774.00, 4770.79, '2025-08-24T08:39:32.483Z'),
(1972, 41.32, 114774.00, 4770.79, '2025-08-24T08:40:02.483Z'),
(1973, 41.32, 114781.00, 4773.60, '2025-08-24T08:40:32.651Z'),
(1974, 41.32, 114781.00, 4773.60, '2025-08-24T08:41:02.484Z'),
(1975, 41.32, 114781.00, 4773.60, '2025-08-24T08:41:32.484Z'),
(1976, 41.32, 114781.00, 4773.60, '2025-08-24T08:42:02.484Z'),
(1977, 41.32, 114781.00, 4773.60, '2025-08-24T08:42:32.484Z'),
(1978, 41.32, 114781.00, 4773.60, '2025-08-24T08:43:02.484Z'),
(1979, 41.32, 114781.00, 4773.60, '2025-08-24T08:43:32.484Z'),
(1980, 41.32, 114781.00, 4773.60, '2025-08-24T08:44:02.484Z'),
(1981, 41.32, 114781.00, 4773.60, '2025-08-24T08:44:32.484Z'),
(1982, 41.32, 114781.00, 4773.60, '2025-08-24T08:45:02.484Z'),
(1983, 41.32, 114781.00, 4773.60, '2025-08-24T08:45:32.484Z'),
(1984, 41.32, 114720.00, 4772.74, '2025-08-24T08:46:02.667Z'),
(1985, 41.32, 114720.00, 4772.74, '2025-08-24T08:46:32.484Z'),
(1986, 41.32, 114720.00, 4772.74, '2025-08-24T08:47:02.484Z'),
(1987, 41.32, 114720.00, 4772.74, '2025-08-24T08:47:32.484Z'),
(1988, 41.32, 114720.00, 4772.74, '2025-08-24T08:48:02.484Z'),
(1989, 41.32, 114720.00, 4772.74, '2025-08-24T08:48:32.484Z'),
(1990, 41.32, 114720.00, 4772.74, '2025-08-24T08:49:02.484Z'),
(1991, 41.32, 114720.00, 4772.74, '2025-08-24T08:49:32.484Z'),
(1992, 41.32, 114720.00, 4772.74, '2025-08-24T08:50:02.484Z'),
(1993, 41.32, 114720.00, 4772.74, '2025-08-24T08:50:32.485Z'),
(1994, 41.32, 114720.00, 4772.74, '2025-08-24T08:51:02.485Z'),
(1995, 41.32, 114748.00, 4774.15, '2025-08-24T08:51:32.655Z'),
(1996, 41.32, 114748.00, 4774.15, '2025-08-24T08:52:02.486Z'),
(1997, 41.32, 114748.00, 4774.15, '2025-08-24T08:52:32.487Z'),
(1998, 41.32, 114748.00, 4774.15, '2025-08-24T08:53:02.487Z'),
(1999, 41.32, 114748.00, 4774.15, '2025-08-24T08:53:32.489Z'),
(2000, 41.32, 114748.00, 4774.15, '2025-08-24T08:54:02.489Z'),
(2001, 41.32, 114748.00, 4774.15, '2025-08-24T08:54:32.490Z'),
(2002, 41.32, 114752.00, 4775.80, '2025-08-24T08:55:04.760Z'),
(903, 41.32, 115254.00, 4766.97, '2025-08-23T22:58:21.970Z'),
(907, 41.32, 115254.00, 4766.97, '2025-08-23T23:00:21.970Z'),
(908, 41.32, 115254.00, 4766.97, '2025-08-23T23:00:51.970Z'),
(912, 41.32, 115254.00, 4766.97, '2025-08-23T23:02:51.970Z'),
(913, 41.32, 115277.00, 4782.23, '2025-08-23T23:03:22.111Z'),
(916, 41.32, 115268.00, 4782.88, '2025-08-23T23:04:30.374Z'),
(920, 41.32, 115268.00, 4782.88, '2025-08-23T23:05:29.447Z'),
(922, 41.32, 115268.00, 4782.88, '2025-08-23T23:05:59.448Z'),
(924, 41.32, 115268.00, 4782.88, '2025-08-23T23:06:29.449Z'),
(925, 41.32, 115277.00, 4782.23, '2025-08-23T23:06:51.970Z'),
(933, 41.32, 115275.00, 4785.86, '2025-08-23T23:08:52.194Z'),
(934, 41.32, 115268.00, 4782.88, '2025-08-23T23:08:59.450Z'),
(935, 41.32, 115275.00, 4785.86, '2025-08-23T23:09:21.971Z'),
(938, 41.32, 115274.00, 4785.55, '2025-08-23T23:09:59.615Z'),
(942, 41.32, 115274.00, 4785.55, '2025-08-23T23:10:59.451Z'),
(944, 41.32, 115274.00, 4785.55, '2025-08-23T23:11:29.451Z'),
(946, 41.32, 115274.00, 4785.55, '2025-08-23T23:11:59.451Z'),
(1452, 41.32, 115296.00, 4771.27, '2025-08-24T01:18:29.525Z'),
(1453, 41.32, 115296.00, 4771.27, '2025-08-24T01:18:52.010Z'),
(1454, 41.32, 115296.00, 4771.27, '2025-08-24T01:18:59.526Z'),
(1455, 41.32, 115296.00, 4771.27, '2025-08-24T01:19:22.011Z'),
(1456, 41.32, 115296.00, 4771.27, '2025-08-24T01:19:29.526Z'),
(1457, 41.32, 115296.00, 4771.27, '2025-08-24T01:19:52.012Z'),
(1458, 41.32, 115296.00, 4771.27, '2025-08-24T01:19:59.527Z'),
(1459, 41.32, 115296.00, 4771.27, '2025-08-24T01:20:22.013Z'),
(1460, 41.32, 115296.00, 4771.27, '2025-08-24T01:20:29.527Z'),
(1461, 41.32, 115326.00, 4774.98, '2025-08-24T01:20:52.210Z'),
(1462, 41.32, 115296.00, 4771.27, '2025-08-24T01:20:59.527Z'),
(1463, 41.32, 115326.00, 4774.98, '2025-08-24T01:21:22.015Z'),
(1464, 41.32, 115296.00, 4771.27, '2025-08-24T01:21:29.527Z'),
(1465, 41.32, 115326.00, 4774.98, '2025-08-24T01:21:52.016Z'),
(1466, 41.32, 115245.00, 4772.76, '2025-08-24T01:21:59.740Z'),
(1467, 41.32, 115326.00, 4774.98, '2025-08-24T01:22:22.016Z'),
(1468, 41.32, 115245.00, 4772.76, '2025-08-24T01:22:29.527Z'),
(1469, 41.32, 115326.00, 4774.98, '2025-08-24T01:22:52.016Z'),
(1470, 41.32, 115245.00, 4772.76, '2025-08-24T01:22:59.527Z'),
(1471, 41.32, 115326.00, 4774.98, '2025-08-24T01:23:22.017Z'),
(1472, 41.32, 115245.00, 4772.76, '2025-08-24T01:23:29.527Z'),
(1473, 41.32, 115326.00, 4774.98, '2025-08-24T01:23:52.018Z'),
(1474, 41.32, 115245.00, 4772.76, '2025-08-24T01:23:59.527Z'),
(1475, 41.32, 115326.00, 4774.98, '2025-08-24T01:24:22.019Z'),
(1476, 41.32, 115245.00, 4772.76, '2025-08-24T01:24:29.527Z'),
(1477, 41.32, 115326.00, 4774.98, '2025-08-24T01:24:52.019Z'),
(1478, 41.32, 115245.00, 4772.76, '2025-08-24T01:24:59.527Z'),
(1479, 41.32, 115326.00, 4774.98, '2025-08-24T01:25:22.019Z'),
(1480, 41.32, 115245.00, 4772.76, '2025-08-24T01:25:29.527Z'),
(1481, 41.32, 115326.00, 4774.98, '2025-08-24T01:25:52.019Z'),
(1482, 41.32, 115245.00, 4772.76, '2025-08-24T01:25:59.527Z'),
(1483, 41.32, 115223.00, 4763.86, '2025-08-24T01:26:22.190Z'),
(1484, 41.32, 115245.00, 4772.76, '2025-08-24T01:26:29.527Z'),
(1485, 41.32, 115223.00, 4763.86, '2025-08-24T01:26:52.018Z'),
(1486, 41.32, 115245.00, 4772.76, '2025-08-24T01:26:59.527Z'),
(1487, 41.32, 115223.00, 4763.86, '2025-08-24T01:27:22.018Z'),
(1488, 41.32, 115176.00, 4760.67, '2025-08-24T01:27:29.724Z'),
(1489, 41.32, 115223.00, 4763.86, '2025-08-24T01:27:52.018Z'),
(1490, 41.32, 115176.00, 4760.67, '2025-08-24T01:27:59.527Z'),
(1703, 41.32, 114880.00, 4773.79, '2025-08-24T06:29:45.348Z'),
(1707, 41.32, 114880.00, 4773.79, '2025-08-24T06:31:45.349Z'),
(1709, 41.32, 114880.00, 4773.79, '2025-08-24T06:32:45.349Z'),
(1710, 41.32, 114961.00, 4769.80, '2025-08-24T06:33:15.503Z'),
(1712, 41.32, 114961.00, 4769.80, '2025-08-24T06:34:15.350Z'),
(1713, 41.32, 114961.00, 4769.80, '2025-08-24T06:34:45.350Z'),
(1714, 41.32, 114961.00, 4769.80, '2025-08-24T06:35:15.349Z'),
(1715, 41.32, 114961.00, 4769.80, '2025-08-24T06:35:45.350Z'),
(1716, 41.32, 114961.00, 4769.80, '2025-08-24T06:36:15.349Z'),
(1717, 41.32, 114961.00, 4769.80, '2025-08-24T06:36:45.350Z'),
(1718, 41.32, 114961.00, 4769.80, '2025-08-24T06:37:15.349Z'),
(1719, 41.32, 114961.00, 4769.80, '2025-08-24T06:37:45.349Z'),
(1720, 41.32, 114961.00, 4769.80, '2025-08-24T06:38:15.349Z'),
(1721, 41.32, 114938.00, 4764.80, '2025-08-24T06:38:45.540Z'),
(1722, 41.32, 114938.00, 4764.80, '2025-08-24T06:39:15.350Z'),
(1726, 41.32, 114938.00, 4764.80, '2025-08-24T06:41:15.351Z'),
(1733, 41.32, 114952.00, 4767.81, '2025-08-24T06:44:45.351Z'),
(1734, 41.32, 114952.00, 4767.81, '2025-08-24T06:45:15.351Z'),
(1737, 41.32, 114952.00, 4767.81, '2025-08-24T06:46:45.351Z'),
(1739, 41.32, 114952.00, 4767.81, '2025-08-24T06:47:45.352Z'),
(1740, 41.32, 114952.00, 4767.81, '2025-08-24T06:48:15.353Z'),
(1741, 41.32, 114952.00, 4767.81, '2025-08-24T06:48:45.352Z'),
(1744, 41.32, 114924.00, 4764.54, '2025-08-24T06:50:15.353Z'),
(1745, 41.32, 114924.00, 4764.54, '2025-08-24T06:50:45.353Z'),
(1748, 41.32, 114924.00, 4764.54, '2025-08-24T06:52:15.354Z'),
(1749, 41.32, 114924.00, 4764.54, '2025-08-24T06:52:45.354Z'),
(1750, 41.32, 114924.00, 4764.54, '2025-08-24T06:53:15.354Z'),
(1753, 41.32, 114924.00, 4764.54, '2025-08-24T06:54:45.354Z'),
(1754, 41.32, 114848.00, 4763.85, '2025-08-24T06:55:15.538Z'),
(1755, 41.32, 114848.00, 4763.85, '2025-08-24T06:55:45.355Z'),
(1756, 41.32, 114848.00, 4763.85, '2025-08-24T06:56:15.354Z'),
(1757, 41.32, 114848.00, 4763.85, '2025-08-24T06:56:45.355Z'),
(1758, 41.32, 114848.00, 4763.85, '2025-08-24T06:57:15.354Z'),
(1759, 41.32, 114848.00, 4763.85, '2025-08-24T06:57:45.354Z'),
(1760, 41.32, 114848.00, 4763.85, '2025-08-24T06:58:15.355Z'),
(1761, 41.32, 114848.00, 4763.85, '2025-08-24T06:58:45.354Z'),
(1762, 41.32, 114848.00, 4763.85, '2025-08-24T06:59:15.354Z'),
(1763, 41.32, 114848.00, 4763.85, '2025-08-24T06:59:45.355Z'),
(1764, 41.32, 114848.00, 4763.85, '2025-08-24T07:00:15.355Z'),
(1767, 41.32, 114845.00, 4760.50, '2025-08-24T07:01:45.355Z'),
(1768, 41.32, 114845.00, 4760.50, '2025-08-24T07:02:15.356Z'),
(1769, 41.32, 114845.00, 4760.50, '2025-08-24T07:02:45.355Z'),
(1770, 41.32, 114845.00, 4760.50, '2025-08-24T07:03:15.355Z'),
(1771, 41.32, 114845.00, 4760.50, '2025-08-24T07:03:45.355Z'),
(1772, 41.32, 114845.00, 4760.50, '2025-08-24T07:04:15.355Z'),
(1773, 41.32, 114845.00, 4760.50, '2025-08-24T07:04:45.355Z'),
(1775, 41.32, 114845.00, 4760.50, '2025-08-24T07:05:45.355Z'),
(1776, 41.32, 114879.00, 4763.43, '2025-08-24T07:06:15.512Z'),
(1777, 41.32, 114879.00, 4763.43, '2025-08-24T07:06:45.355Z'),
(1778, 41.32, 114879.00, 4763.43, '2025-08-24T07:07:15.356Z'),
(1779, 41.32, 114879.00, 4763.43, '2025-08-24T07:07:45.356Z'),
(1782, 41.32, 114879.00, 4763.43, '2025-08-24T07:09:15.357Z'),
(1786, 41.32, 114879.00, 4763.43, '2025-08-24T07:11:15.356Z'),
(1787, 41.32, 114884.00, 4764.67, '2025-08-24T07:11:45.534Z'),
(1790, 41.32, 114884.00, 4764.67, '2025-08-24T07:13:15.357Z'),
(1795, 41.32, 114884.00, 4764.67, '2025-08-24T07:15:45.359Z'),
(1796, 41.32, 114884.00, 4764.67, '2025-08-24T07:16:15.358Z'),
(1797, 41.32, 114884.00, 4764.67, '2025-08-24T07:16:45.358Z'),
(1798, 41.32, 114915.00, 4766.27, '2025-08-24T07:17:15.559Z'),
(1799, 41.32, 114915.00, 4766.27, '2025-08-24T07:17:45.359Z'),
(1800, 41.32, 114915.00, 4766.27, '2025-08-24T07:18:15.359Z'),
(1801, 41.32, 114915.00, 4766.27, '2025-08-24T07:18:45.360Z'),
(1803, 41.32, 114915.00, 4766.27, '2025-08-24T07:19:45.360Z'),
(1804, 41.32, 114915.00, 4766.27, '2025-08-24T07:20:15.360Z'),
(904, 41.32, 115254.00, 4766.97, '2025-08-23T22:58:51.970Z'),
(905, 41.32, 115254.00, 4766.97, '2025-08-23T22:59:21.970Z'),
(906, 41.32, 115254.00, 4766.97, '2025-08-23T22:59:51.970Z'),
(917, 41.32, 115277.00, 4782.23, '2025-08-23T23:04:51.970Z'),
(923, 41.32, 115277.00, 4782.23, '2025-08-23T23:06:21.971Z'),
(927, 41.32, 115277.00, 4782.23, '2025-08-23T23:07:21.970Z'),
(929, 41.32, 115277.00, 4782.23, '2025-08-23T23:07:51.971Z'),
(930, 41.32, 115268.00, 4782.88, '2025-08-23T23:07:59.449Z'),
(937, 41.32, 115275.00, 4785.86, '2025-08-23T23:09:51.971Z'),
(948, 41.32, 115274.00, 4785.55, '2025-08-23T23:12:29.451Z'),
(949, 41.32, 115275.00, 4785.86, '2025-08-23T23:12:51.971Z'),
(950, 41.32, 115274.00, 4785.55, '2025-08-23T23:12:59.451Z'),
(951, 41.32, 115275.00, 4785.86, '2025-08-23T23:13:21.972Z'),
(952, 41.32, 115274.00, 4785.55, '2025-08-23T23:13:29.451Z'),
(953, 41.32, 115275.00, 4785.86, '2025-08-23T23:13:51.972Z'),
(954, 41.32, 115274.00, 4785.55, '2025-08-23T23:13:59.452Z'),
(955, 41.32, 115274.00, 4785.04, '2025-08-23T23:14:22.144Z'),
(956, 41.32, 115274.00, 4785.55, '2025-08-23T23:14:29.452Z'),
(957, 41.32, 115274.00, 4785.04, '2025-08-23T23:14:51.972Z'),
(958, 41.32, 115274.00, 4785.55, '2025-08-23T23:14:59.453Z'),
(959, 41.32, 115274.00, 4785.04, '2025-08-23T23:15:21.972Z'),
(960, 41.32, 115251.00, 4786.98, '2025-08-23T23:15:29.616Z'),
(961, 41.32, 115274.00, 4785.04, '2025-08-23T23:15:51.973Z'),
(962, 41.32, 115251.00, 4786.98, '2025-08-23T23:15:59.453Z'),
(963, 41.32, 115274.00, 4785.04, '2025-08-23T23:16:21.973Z'),
(964, 41.32, 115251.00, 4786.98, '2025-08-23T23:16:29.454Z'),
(965, 41.32, 115274.00, 4785.04, '2025-08-23T23:16:51.973Z'),
(966, 41.32, 115251.00, 4786.98, '2025-08-23T23:16:59.454Z'),
(967, 41.32, 115274.00, 4785.04, '2025-08-23T23:17:21.974Z'),
(968, 41.32, 115251.00, 4786.98, '2025-08-23T23:17:29.454Z'),
(969, 41.32, 115274.00, 4785.04, '2025-08-23T23:17:51.974Z'),
(970, 41.32, 115251.00, 4786.98, '2025-08-23T23:17:59.454Z'),
(971, 41.32, 115274.00, 4785.04, '2025-08-23T23:18:21.975Z'),
(972, 41.32, 115251.00, 4786.98, '2025-08-23T23:18:29.455Z'),
(973, 41.32, 115274.00, 4785.04, '2025-08-23T23:18:51.975Z'),
(974, 41.32, 115251.00, 4786.98, '2025-08-23T23:18:59.456Z'),
(975, 41.32, 115274.00, 4785.04, '2025-08-23T23:19:21.975Z'),
(976, 41.32, 115251.00, 4786.98, '2025-08-23T23:19:29.455Z'),
(977, 41.32, 115230.00, 4789.54, '2025-08-23T23:19:52.107Z'),
(978, 41.32, 115251.00, 4786.98, '2025-08-23T23:19:59.456Z'),
(979, 41.32, 115230.00, 4789.54, '2025-08-23T23:20:21.975Z'),
(980, 41.32, 115251.00, 4786.98, '2025-08-23T23:20:29.456Z'),
(981, 41.32, 115230.00, 4789.54, '2025-08-23T23:20:51.975Z'),
(982, 41.32, 115245.00, 4790.42, '2025-08-23T23:20:59.611Z'),
(983, 41.32, 115230.00, 4789.54, '2025-08-23T23:21:21.975Z'),
(984, 41.32, 115245.00, 4790.42, '2025-08-23T23:21:29.456Z'),
(985, 41.32, 115230.00, 4789.54, '2025-08-23T23:21:51.976Z'),
(986, 41.32, 115245.00, 4790.42, '2025-08-23T23:21:59.456Z'),
(987, 41.32, 115230.00, 4789.54, '2025-08-23T23:22:21.976Z'),
(988, 41.32, 115245.00, 4790.42, '2025-08-23T23:22:29.456Z'),
(989, 41.32, 115230.00, 4789.54, '2025-08-23T23:22:51.976Z'),
(990, 41.32, 115245.00, 4790.42, '2025-08-23T23:22:59.457Z'),
(991, 41.32, 115230.00, 4789.54, '2025-08-23T23:23:21.975Z'),
(992, 41.32, 115245.00, 4790.42, '2025-08-23T23:23:29.457Z'),
(993, 41.32, 115230.00, 4789.54, '2025-08-23T23:23:51.976Z'),
(994, 41.32, 115245.00, 4790.42, '2025-08-23T23:23:59.457Z'),
(995, 41.32, 115230.00, 4789.54, '2025-08-23T23:24:21.976Z'),
(996, 41.32, 115245.00, 4790.42, '2025-08-23T23:24:29.457Z'),
(997, 41.32, 115230.00, 4789.54, '2025-08-23T23:24:51.976Z'),
(998, 41.32, 115245.00, 4790.42, '2025-08-23T23:24:59.457Z'),
(999, 41.32, 115257.00, 4793.71, '2025-08-23T23:25:22.123Z'),
(1000, 41.32, 115245.00, 4790.42, '2025-08-23T23:25:29.457Z'),
(1001, 41.32, 115257.00, 4793.71, '2025-08-23T23:25:51.976Z'),
(1002, 41.32, 115245.00, 4790.42, '2025-08-23T23:25:59.457Z'),
(1003, 41.32, 115257.00, 4793.71, '2025-08-23T23:26:21.976Z'),
(1004, 41.32, 115260.00, 4794.08, '2025-08-23T23:26:29.669Z'),
(1005, 41.32, 115257.00, 4793.71, '2025-08-23T23:26:51.976Z'),
(1006, 41.32, 115260.00, 4794.08, '2025-08-23T23:26:59.457Z'),
(1007, 41.32, 115257.00, 4793.71, '2025-08-23T23:27:21.976Z'),
(1008, 41.32, 115260.00, 4794.08, '2025-08-23T23:27:29.457Z'),
(1009, 41.32, 115257.00, 4793.71, '2025-08-23T23:27:51.976Z'),
(1010, 41.32, 115260.00, 4794.08, '2025-08-23T23:27:59.457Z'),
(1011, 41.32, 115257.00, 4793.71, '2025-08-23T23:28:21.976Z'),
(1012, 41.32, 115260.00, 4794.08, '2025-08-23T23:28:29.457Z'),
(1013, 41.32, 115257.00, 4793.71, '2025-08-23T23:28:51.976Z'),
(1014, 41.32, 115260.00, 4794.08, '2025-08-23T23:28:59.457Z'),
(1015, 41.32, 115257.00, 4793.71, '2025-08-23T23:29:21.976Z'),
(1016, 41.32, 115260.00, 4794.08, '2025-08-23T23:29:29.457Z'),
(1017, 41.32, 115257.00, 4793.71, '2025-08-23T23:29:51.976Z'),
(1018, 41.32, 115260.00, 4794.08, '2025-08-23T23:29:59.458Z'),
(1019, 41.32, 115257.00, 4793.71, '2025-08-23T23:30:21.976Z'),
(1020, 41.32, 115260.00, 4794.08, '2025-08-23T23:30:29.458Z'),
(1021, 41.32, 115253.00, 4789.44, '2025-08-23T23:30:52.110Z'),
(1022, 41.32, 115260.00, 4794.08, '2025-08-23T23:30:59.459Z'),
(1023, 41.32, 115253.00, 4789.44, '2025-08-23T23:31:21.976Z'),
(1024, 41.32, 115260.00, 4794.08, '2025-08-23T23:31:29.460Z'),
(1025, 41.32, 115253.00, 4789.44, '2025-08-23T23:31:51.976Z'),
(1026, 41.32, 115228.00, 4784.05, '2025-08-23T23:31:59.618Z'),
(1027, 41.32, 115253.00, 4789.44, '2025-08-23T23:32:21.976Z'),
(1028, 41.32, 115228.00, 4784.05, '2025-08-23T23:32:29.461Z'),
(1029, 41.32, 115253.00, 4789.44, '2025-08-23T23:32:51.977Z'),
(1030, 41.32, 115228.00, 4784.05, '2025-08-23T23:32:59.461Z'),
(1031, 41.32, 115253.00, 4789.44, '2025-08-23T23:33:21.976Z'),
(1032, 41.32, 115228.00, 4784.05, '2025-08-23T23:33:29.462Z'),
(1033, 41.32, 115253.00, 4789.44, '2025-08-23T23:33:51.976Z'),
(1034, 41.32, 115228.00, 4784.05, '2025-08-23T23:33:59.463Z'),
(1035, 41.32, 115253.00, 4789.44, '2025-08-23T23:34:21.976Z'),
(1036, 41.32, 115228.00, 4784.05, '2025-08-23T23:34:29.464Z'),
(1037, 41.32, 115253.00, 4789.44, '2025-08-23T23:34:51.976Z'),
(1038, 41.32, 115228.00, 4784.05, '2025-08-23T23:34:59.465Z'),
(1039, 41.32, 115253.00, 4789.44, '2025-08-23T23:35:21.976Z'),
(1040, 41.32, 115228.00, 4784.05, '2025-08-23T23:35:29.466Z'),
(1041, 41.32, 115253.00, 4789.44, '2025-08-23T23:35:51.976Z'),
(1042, 41.32, 115228.00, 4784.05, '2025-08-23T23:35:59.467Z'),
(1043, 41.32, 115196.00, 4780.49, '2025-08-23T23:36:22.192Z'),
(1044, 41.32, 115228.00, 4784.05, '2025-08-23T23:36:29.467Z'),
(1045, 41.32, 115196.00, 4780.49, '2025-08-23T23:36:51.977Z'),
(1046, 41.32, 115228.00, 4784.05, '2025-08-23T23:36:59.467Z'),
(1047, 41.32, 115196.00, 4780.49, '2025-08-23T23:37:21.978Z'),
(1048, 41.32, 115203.00, 4782.10, '2025-08-23T23:37:29.649Z'),
(1049, 41.32, 115196.00, 4780.49, '2025-08-23T23:37:51.978Z'),
(1050, 41.32, 115203.00, 4782.10, '2025-08-23T23:37:59.467Z'),
(1051, 41.32, 115196.00, 4780.49, '2025-08-23T23:38:21.979Z'),
(1052, 41.32, 115203.00, 4782.10, '2025-08-23T23:38:29.467Z'),
(1053, 41.32, 115196.00, 4780.49, '2025-08-23T23:38:51.979Z'),
(1054, 41.32, 115203.00, 4782.10, '2025-08-23T23:38:59.467Z'),
(1055, 41.32, 115196.00, 4780.49, '2025-08-23T23:39:21.980Z'),
(1056, 41.32, 115203.00, 4782.10, '2025-08-23T23:39:29.467Z'),
(1057, 41.32, 115196.00, 4780.49, '2025-08-23T23:39:51.981Z'),
(1058, 41.32, 115203.00, 4782.10, '2025-08-23T23:39:59.468Z'),
(1059, 41.32, 115196.00, 4780.49, '2025-08-23T23:40:21.980Z'),
(1068, 41.32, 115203.00, 4782.10, '2025-08-23T23:42:29.469Z'),
(1071, 41.32, 115199.00, 4774.12, '2025-08-23T23:43:21.980Z'),
(1077, 41.32, 115199.00, 4774.12, '2025-08-23T23:44:51.980Z'),
(1080, 41.32, 115200.00, 4773.78, '2025-08-23T23:45:29.469Z'),
(1081, 41.32, 115199.00, 4774.12, '2025-08-23T23:45:51.981Z'),
(1082, 41.32, 115200.00, 4773.78, '2025-08-23T23:45:59.469Z'),
(1084, 41.32, 115200.00, 4773.78, '2025-08-23T23:46:29.469Z'),
(1085, 41.32, 115199.00, 4774.12, '2025-08-23T23:46:51.980Z'),
(1091, 41.32, 115252.00, 4774.08, '2025-08-23T23:48:21.981Z'),
(1095, 41.32, 115252.00, 4774.08, '2025-08-23T23:49:21.980Z'),
(1491, 41.32, 115413.00, 4782.42, '2025-08-24T01:49:03.332Z'),
(1492, 41.32, 115413.00, 4782.42, '2025-08-24T01:49:32.314Z'),
(1493, 41.32, 115413.00, 4782.42, '2025-08-24T01:50:02.314Z'),
(1494, 41.32, 115413.00, 4782.42, '2025-08-24T01:50:32.314Z'),
(1495, 41.32, 115413.00, 4782.42, '2025-08-24T01:51:02.314Z'),
(1496, 41.32, 115413.00, 4782.42, '2025-08-24T01:51:32.314Z'),
(1497, 41.32, 115413.00, 4782.42, '2025-08-24T01:52:02.314Z'),
(1498, 41.32, 115413.00, 4782.42, '2025-08-24T01:52:32.314Z'),
(1499, 41.32, 115413.00, 4782.42, '2025-08-24T01:53:02.314Z'),
(1500, 41.32, 115413.00, 4782.42, '2025-08-24T01:53:32.314Z'),
(1501, 41.32, 115413.00, 4782.42, '2025-08-24T01:54:02.314Z'),
(1502, 41.32, 115443.00, 4783.88, '2025-08-24T01:54:32.526Z'),
(1503, 41.32, 115443.00, 4783.88, '2025-08-24T01:55:02.315Z'),
(1504, 41.32, 115443.00, 4783.88, '2025-08-24T01:55:32.316Z'),
(1505, 41.32, 115443.00, 4783.88, '2025-08-24T01:56:02.320Z'),
(1506, 41.32, 115443.00, 4783.88, '2025-08-24T01:56:32.320Z'),
(1507, 41.32, 115443.00, 4783.88, '2025-08-24T01:57:02.320Z'),
(1508, 41.32, 115443.00, 4783.88, '2025-08-24T01:57:32.321Z'),
(1509, 41.32, 115443.00, 4783.88, '2025-08-24T01:58:02.321Z'),
(1510, 41.32, 115443.00, 4783.88, '2025-08-24T01:58:32.321Z'),
(1511, 41.32, 115443.00, 4783.88, '2025-08-24T01:59:02.322Z'),
(1512, 41.32, 115443.00, 4783.88, '2025-08-24T01:59:32.323Z'),
(1513, 41.32, 115466.00, 4778.27, '2025-08-24T02:00:02.499Z'),
(1514, 41.32, 115466.00, 4778.27, '2025-08-24T02:00:32.324Z'),
(1515, 41.32, 115466.00, 4778.27, '2025-08-24T02:01:02.325Z'),
(1516, 41.32, 115466.00, 4778.27, '2025-08-24T02:01:32.326Z'),
(1517, 41.32, 115466.00, 4778.27, '2025-08-24T02:02:02.327Z'),
(1518, 41.32, 115466.00, 4778.27, '2025-08-24T02:02:32.328Z'),
(1519, 41.32, 115466.00, 4778.27, '2025-08-24T02:03:02.329Z'),
(1520, 41.32, 115466.00, 4778.27, '2025-08-24T02:03:32.330Z'),
(1521, 41.32, 115466.00, 4778.27, '2025-08-24T02:04:02.329Z'),
(1522, 41.32, 115466.00, 4778.27, '2025-08-24T02:04:32.329Z'),
(1523, 41.32, 115466.00, 4778.27, '2025-08-24T02:05:02.329Z'),
(1524, 41.32, 115498.00, 4781.36, '2025-08-24T02:05:32.527Z'),
(1525, 41.32, 115498.00, 4781.36, '2025-08-24T02:06:02.330Z'),
(1526, 41.32, 115498.00, 4781.36, '2025-08-24T02:06:32.330Z'),
(1527, 41.32, 115498.00, 4781.36, '2025-08-24T02:07:02.330Z'),
(1528, 41.32, 115498.00, 4781.36, '2025-08-24T02:07:32.331Z'),
(1529, 41.32, 115498.00, 4781.36, '2025-08-24T02:08:02.331Z'),
(1530, 41.32, 115498.00, 4781.36, '2025-08-24T02:08:32.331Z'),
(1531, 41.32, 115498.00, 4781.36, '2025-08-24T02:09:02.331Z'),
(1532, 41.32, 115498.00, 4781.36, '2025-08-24T02:09:32.331Z'),
(1533, 41.32, 115498.00, 4781.36, '2025-08-24T02:10:02.331Z'),
(1534, 41.32, 115498.00, 4781.36, '2025-08-24T02:10:32.331Z'),
(1535, 41.32, 115570.00, 4782.87, '2025-08-24T02:11:02.505Z'),
(1536, 41.32, 115570.00, 4782.87, '2025-08-24T02:11:32.331Z'),
(1537, 41.32, 115570.00, 4782.87, '2025-08-24T02:12:02.331Z'),
(1538, 41.32, 115570.00, 4782.87, '2025-08-24T02:12:32.331Z'),
(1539, 41.32, 115570.00, 4782.87, '2025-08-24T02:13:02.332Z'),
(1540, 41.32, 115570.00, 4782.87, '2025-08-24T02:13:32.333Z'),
(1541, 41.32, 115570.00, 4782.87, '2025-08-24T02:14:02.334Z'),
(1542, 41.32, 115570.00, 4782.87, '2025-08-24T02:14:32.334Z'),
(1543, 41.32, 115570.00, 4782.87, '2025-08-24T02:15:02.335Z'),
(1544, 41.32, 115570.00, 4782.87, '2025-08-24T02:15:32.336Z'),
(1545, 41.32, 115570.00, 4782.87, '2025-08-24T02:16:02.336Z'),
(1546, 41.32, 115558.00, 4774.84, '2025-08-24T02:16:32.510Z'),
(1547, 41.32, 115558.00, 4774.84, '2025-08-24T02:17:02.337Z'),
(1548, 41.32, 115558.00, 4774.84, '2025-08-24T02:17:32.337Z'),
(1549, 41.32, 115558.00, 4774.84, '2025-08-24T02:18:02.338Z'),
(1550, 41.32, 115558.00, 4774.84, '2025-08-24T02:18:32.338Z'),
(1551, 41.32, 115558.00, 4774.84, '2025-08-24T02:19:02.339Z'),
(1552, 41.32, 115558.00, 4774.84, '2025-08-24T02:19:32.338Z'),
(1553, 41.32, 115558.00, 4774.84, '2025-08-24T02:20:02.338Z'),
(1554, 41.32, 115558.00, 4774.84, '2025-08-24T02:20:32.338Z'),
(1555, 41.32, 115558.00, 4774.84, '2025-08-24T02:21:02.338Z'),
(1556, 41.32, 115558.00, 4774.84, '2025-08-24T02:21:32.338Z'),
(1557, 41.32, 115496.00, 4776.20, '2025-08-24T02:22:02.530Z'),
(1558, 41.32, 115496.00, 4776.20, '2025-08-24T02:22:32.338Z'),
(1559, 41.32, 115496.00, 4776.20, '2025-08-24T02:23:02.338Z'),
(1560, 41.32, 115496.00, 4776.20, '2025-08-24T02:23:32.338Z'),
(1561, 41.32, 115496.00, 4776.20, '2025-08-24T02:24:02.338Z'),
(1562, 41.32, 115496.00, 4776.20, '2025-08-24T02:24:32.338Z'),
(1563, 41.32, 115496.00, 4776.20, '2025-08-24T02:25:02.338Z'),
(1564, 41.32, 115496.00, 4776.20, '2025-08-24T02:25:32.338Z'),
(1565, 41.32, 115496.00, 4776.20, '2025-08-24T02:26:02.338Z'),
(1566, 41.32, 115496.00, 4776.20, '2025-08-24T02:26:32.338Z'),
(1567, 41.32, 115496.00, 4776.20, '2025-08-24T02:27:02.339Z'),
(1568, 41.32, 115504.00, 4782.25, '2025-08-24T02:27:32.544Z'),
(1569, 41.32, 115504.00, 4782.25, '2025-08-24T02:28:02.339Z'),
(1570, 41.32, 115504.00, 4782.25, '2025-08-24T02:28:32.339Z'),
(1571, 41.32, 115504.00, 4782.25, '2025-08-24T02:29:02.340Z'),
(1572, 41.32, 115504.00, 4782.25, '2025-08-24T02:29:32.340Z'),
(1573, 41.32, 115504.00, 4782.25, '2025-08-24T02:30:02.341Z'),
(1574, 41.32, 115504.00, 4782.25, '2025-08-24T02:30:32.341Z'),
(1575, 41.32, 115504.00, 4782.25, '2025-08-24T02:31:02.342Z'),
(1576, 41.32, 115504.00, 4782.25, '2025-08-24T02:31:32.343Z'),
(1577, 41.32, 115504.00, 4782.25, '2025-08-24T02:32:02.344Z'),
(1578, 41.32, 115504.00, 4782.25, '2025-08-24T02:32:32.345Z'),
(1579, 41.32, 115465.00, 4785.78, '2025-08-24T02:33:02.531Z'),
(1580, 41.32, 115465.00, 4785.78, '2025-08-24T02:33:32.346Z'),
(1581, 41.32, 115465.00, 4785.78, '2025-08-24T02:34:02.347Z'),
(1582, 41.32, 115465.00, 4785.78, '2025-08-24T02:34:32.347Z'),
(1583, 41.32, 115465.00, 4785.78, '2025-08-24T02:35:02.348Z'),
(1584, 41.32, 115465.00, 4785.78, '2025-08-24T02:35:32.347Z'),
(1585, 41.32, 115465.00, 4785.78, '2025-08-24T02:36:02.348Z'),
(1586, 41.32, 115465.00, 4785.78, '2025-08-24T02:36:32.348Z'),
(1587, 41.32, 115465.00, 4785.78, '2025-08-24T02:37:02.348Z'),
(1588, 41.32, 115465.00, 4785.78, '2025-08-24T02:37:32.348Z'),
(1589, 41.32, 115465.00, 4785.78, '2025-08-24T02:38:02.348Z'),
(1590, 41.32, 115280.00, 4779.12, '2025-08-24T02:38:32.549Z'),
(1591, 41.32, 115280.00, 4779.12, '2025-08-24T02:39:02.348Z'),
(1592, 41.32, 115280.00, 4779.12, '2025-08-24T02:39:32.348Z'),
(1593, 41.32, 115280.00, 4779.12, '2025-08-24T02:40:02.348Z'),
(1594, 41.32, 115280.00, 4779.12, '2025-08-24T02:40:32.350Z'),
(1595, 41.32, 115280.00, 4779.12, '2025-08-24T02:41:02.350Z'),
(1596, 41.32, 115280.00, 4779.12, '2025-08-24T02:41:32.350Z'),
(1597, 41.32, 115280.00, 4779.12, '2025-08-24T02:42:02.350Z'),
(1598, 41.32, 115280.00, 4779.12, '2025-08-24T02:42:32.350Z'),
(1599, 41.32, 115280.00, 4779.12, '2025-08-24T02:43:02.350Z'),
(1060, 41.32, 115203.00, 4782.10, '2025-08-23T23:40:29.468Z'),
(1061, 41.32, 115196.00, 4780.49, '2025-08-23T23:40:51.980Z'),
(1063, 41.32, 115196.00, 4780.49, '2025-08-23T23:41:21.980Z'),
(1065, 41.32, 115199.00, 4774.12, '2025-08-23T23:41:52.163Z'),
(1066, 41.32, 115203.00, 4782.10, '2025-08-23T23:41:59.469Z'),
(1070, 41.32, 115200.00, 4773.78, '2025-08-23T23:42:59.637Z'),
(1072, 41.32, 115200.00, 4773.78, '2025-08-23T23:43:29.469Z'),
(1075, 41.32, 115199.00, 4774.12, '2025-08-23T23:44:21.980Z'),
(1076, 41.32, 115200.00, 4773.78, '2025-08-23T23:44:29.469Z'),
(1078, 41.32, 115200.00, 4773.78, '2025-08-23T23:44:59.469Z'),
(1079, 41.32, 115199.00, 4774.12, '2025-08-23T23:45:21.980Z'),
(1086, 41.32, 115200.00, 4773.78, '2025-08-23T23:46:59.469Z'),
(1087, 41.32, 115252.00, 4774.08, '2025-08-23T23:47:22.214Z'),
(1088, 41.32, 115200.00, 4773.78, '2025-08-23T23:47:29.470Z'),
(1089, 41.32, 115252.00, 4774.08, '2025-08-23T23:47:51.980Z'),
(1094, 41.32, 115240.00, 4774.22, '2025-08-23T23:48:59.472Z'),
(1600, 41.32, 115280.00, 4779.12, '2025-08-24T02:43:32.350Z'),
(1601, 41.32, 115196.00, 4784.39, '2025-08-24T02:44:02.544Z'),
(1602, 41.32, 115196.00, 4784.39, '2025-08-24T02:44:32.351Z'),
(1603, 41.32, 115196.00, 4784.39, '2025-08-24T02:45:02.351Z'),
(1604, 41.32, 115196.00, 4784.39, '2025-08-24T02:45:32.352Z'),
(1605, 41.32, 115196.00, 4784.39, '2025-08-24T02:46:02.353Z'),
(1606, 41.32, 115196.00, 4784.39, '2025-08-24T02:46:32.353Z'),
(1607, 41.32, 115196.00, 4784.39, '2025-08-24T02:47:02.354Z'),
(1608, 41.32, 115196.00, 4784.39, '2025-08-24T02:47:32.354Z'),
(1609, 41.32, 115196.00, 4784.39, '2025-08-24T02:48:02.354Z'),
(1610, 41.32, 115196.00, 4784.39, '2025-08-24T02:48:32.354Z'),
(1611, 41.32, 115196.00, 4784.39, '2025-08-24T02:49:02.354Z'),
(1612, 41.32, 115156.00, 4780.08, '2025-08-24T02:49:32.558Z'),
(1613, 41.32, 115156.00, 4780.08, '2025-08-24T02:50:02.356Z'),
(1614, 41.32, 115156.00, 4780.08, '2025-08-24T02:50:32.356Z'),
(1788, 41.32, 114884.00, 4764.67, '2025-08-24T07:12:15.356Z'),
(1789, 41.32, 114884.00, 4764.67, '2025-08-24T07:12:45.357Z'),
(1791, 41.32, 114884.00, 4764.67, '2025-08-24T07:13:45.357Z'),
(1792, 41.32, 114884.00, 4764.67, '2025-08-24T07:14:15.357Z'),
(1793, 41.32, 114884.00, 4764.67, '2025-08-24T07:14:45.358Z'),
(1794, 41.32, 114884.00, 4764.67, '2025-08-24T07:15:15.358Z'),
(1802, 41.32, 114915.00, 4766.27, '2025-08-24T07:19:15.359Z'),
(1805, 41.32, 114915.00, 4766.27, '2025-08-24T07:20:45.359Z'),
(1809, 41.32, 114841.00, 4760.72, '2025-08-24T07:22:45.567Z'),
(1810, 41.32, 114841.00, 4760.72, '2025-08-24T07:23:15.360Z'),
(1811, 41.32, 114841.00, 4760.72, '2025-08-24T07:23:45.360Z'),
(1812, 41.32, 114841.00, 4760.72, '2025-08-24T07:24:15.360Z'),
(1813, 41.32, 114841.00, 4760.72, '2025-08-24T07:24:45.360Z'),
(1814, 41.32, 114841.00, 4760.72, '2025-08-24T07:25:15.360Z'),
(1815, 41.32, 114841.00, 4760.72, '2025-08-24T07:25:45.360Z'),
(1816, 41.32, 114841.00, 4760.72, '2025-08-24T07:26:15.360Z'),
(1817, 41.32, 114841.00, 4760.72, '2025-08-24T07:26:45.360Z'),
(1818, 41.32, 114841.00, 4760.72, '2025-08-24T07:27:15.360Z'),
(1819, 41.32, 114841.00, 4760.72, '2025-08-24T07:27:45.360Z'),
(1820, 41.32, 114911.00, 4774.93, '2025-08-24T07:28:15.522Z'),
(1821, 41.32, 114911.00, 4774.93, '2025-08-24T07:28:45.361Z'),
(1822, 41.32, 114911.00, 4774.93, '2025-08-24T07:29:15.361Z'),
(1823, 41.32, 114911.00, 4774.93, '2025-08-24T07:29:45.361Z'),
(1824, 41.32, 114911.00, 4774.93, '2025-08-24T07:30:15.361Z'),
(1825, 41.32, 114911.00, 4774.93, '2025-08-24T07:30:45.361Z'),
(1826, 41.32, 114911.00, 4774.93, '2025-08-24T07:31:15.362Z'),
(1827, 41.32, 114911.00, 4774.93, '2025-08-24T07:31:45.362Z'),
(1828, 41.32, 114911.00, 4774.93, '2025-08-24T07:32:15.363Z'),
(1829, 41.32, 114911.00, 4774.93, '2025-08-24T07:32:45.364Z'),
(1830, 41.32, 114911.00, 4774.93, '2025-08-24T07:33:15.365Z'),
(1831, 41.32, 115025.00, 4778.08, '2025-08-24T07:33:45.554Z'),
(1832, 41.32, 115025.00, 4778.08, '2025-08-24T07:34:15.366Z'),
(1833, 41.32, 115025.00, 4778.08, '2025-08-24T07:34:45.365Z'),
(1834, 41.32, 115025.00, 4778.08, '2025-08-24T07:35:15.365Z'),
(1835, 41.32, 115025.00, 4778.08, '2025-08-24T07:35:45.366Z'),
(1836, 41.32, 115025.00, 4778.08, '2025-08-24T07:36:15.365Z'),
(1837, 41.32, 115025.00, 4778.08, '2025-08-24T07:36:45.365Z'),
(1838, 41.32, 115025.00, 4778.08, '2025-08-24T07:37:15.366Z'),
(1839, 41.32, 115025.00, 4778.08, '2025-08-24T07:37:45.365Z'),
(1840, 41.32, 115025.00, 4778.08, '2025-08-24T07:38:15.365Z'),
(1841, 41.32, 115025.00, 4778.08, '2025-08-24T07:38:45.365Z'),
(1842, 41.32, 114984.00, 4776.67, '2025-08-24T07:39:15.535Z'),
(1843, 41.32, 114984.00, 4776.67, '2025-08-24T07:39:45.365Z'),
(1844, 41.32, 114984.00, 4776.67, '2025-08-24T07:40:15.365Z'),
(1845, 41.32, 114984.00, 4776.67, '2025-08-24T07:40:45.365Z'),
(1846, 41.32, 114984.00, 4776.67, '2025-08-24T07:41:15.365Z'),
(1847, 41.32, 114984.00, 4776.67, '2025-08-24T07:41:45.366Z'),
(1848, 41.32, 114984.00, 4776.67, '2025-08-24T07:42:15.366Z'),
(1849, 41.32, 114984.00, 4776.67, '2025-08-24T07:42:45.366Z'),
(1850, 41.32, 114984.00, 4776.67, '2025-08-24T07:43:15.366Z'),
(1851, 41.32, 114984.00, 4776.67, '2025-08-24T07:43:45.366Z'),
(1852, 41.32, 114984.00, 4776.67, '2025-08-24T07:44:15.366Z'),
(1853, 41.32, 114972.00, 4771.53, '2025-08-24T07:45:18.241Z'),
(1062, 41.32, 115203.00, 4782.10, '2025-08-23T23:40:59.469Z'),
(1064, 41.32, 115203.00, 4782.10, '2025-08-23T23:41:29.469Z'),
(1067, 41.32, 115199.00, 4774.12, '2025-08-23T23:42:21.980Z'),
(1069, 41.32, 115199.00, 4774.12, '2025-08-23T23:42:51.980Z'),
(1073, 41.32, 115199.00, 4774.12, '2025-08-23T23:43:51.980Z'),
(1074, 41.32, 115200.00, 4773.78, '2025-08-23T23:43:59.469Z'),
(1083, 41.32, 115199.00, 4774.12, '2025-08-23T23:46:21.981Z'),
(1090, 41.32, 115200.00, 4773.78, '2025-08-23T23:47:59.470Z'),
(1092, 41.32, 115240.00, 4774.22, '2025-08-23T23:48:29.677Z'),
(1093, 41.32, 115252.00, 4774.08, '2025-08-23T23:48:51.980Z'),
(1096, 41.32, 115240.00, 4774.22, '2025-08-23T23:49:29.472Z'),
(1097, 41.32, 115252.00, 4774.08, '2025-08-23T23:49:51.980Z'),
(1098, 41.32, 115240.00, 4774.22, '2025-08-23T23:49:59.473Z'),
(1099, 41.32, 115252.00, 4774.08, '2025-08-23T23:50:21.980Z'),
(1100, 41.32, 115240.00, 4774.22, '2025-08-23T23:50:29.473Z'),
(1101, 41.32, 115252.00, 4774.08, '2025-08-23T23:50:51.980Z'),
(1102, 41.32, 115240.00, 4774.22, '2025-08-23T23:50:59.474Z'),
(1103, 41.32, 115252.00, 4774.08, '2025-08-23T23:51:21.980Z'),
(1104, 41.32, 115240.00, 4774.22, '2025-08-23T23:51:29.475Z'),
(1105, 41.32, 115252.00, 4774.08, '2025-08-23T23:51:51.981Z'),
(1106, 41.32, 115240.00, 4774.22, '2025-08-23T23:51:59.475Z'),
(1107, 41.32, 115252.00, 4774.08, '2025-08-23T23:52:21.981Z'),
(1108, 41.32, 115240.00, 4774.22, '2025-08-23T23:52:29.476Z'),
(1109, 41.32, 115281.00, 4770.46, '2025-08-23T23:52:52.179Z'),
(1110, 41.32, 115240.00, 4774.22, '2025-08-23T23:52:59.477Z'),
(1111, 41.32, 115281.00, 4770.46, '2025-08-23T23:53:21.981Z'),
(1112, 41.32, 115240.00, 4774.22, '2025-08-23T23:53:29.477Z'),
(1113, 41.32, 115281.00, 4770.46, '2025-08-23T23:53:51.981Z'),
(1114, 41.32, 115306.00, 4770.37, '2025-08-23T23:53:59.693Z'),
(1115, 41.32, 115281.00, 4770.46, '2025-08-23T23:54:21.981Z'),
(1116, 41.32, 115306.00, 4770.37, '2025-08-23T23:54:29.479Z'),
(1117, 41.32, 115281.00, 4770.46, '2025-08-23T23:54:51.981Z'),
(1118, 41.32, 115306.00, 4770.37, '2025-08-23T23:54:59.480Z'),
(1119, 41.32, 115281.00, 4770.46, '2025-08-23T23:55:21.982Z'),
(1120, 41.32, 115306.00, 4770.37, '2025-08-23T23:55:29.480Z'),
(1121, 41.32, 115281.00, 4770.46, '2025-08-23T23:55:51.981Z'),
(1122, 41.32, 115306.00, 4770.37, '2025-08-23T23:55:59.480Z'),
(1123, 41.32, 115281.00, 4770.46, '2025-08-23T23:56:21.981Z'),
(1124, 41.32, 115306.00, 4770.37, '2025-08-23T23:56:29.480Z'),
(1125, 41.32, 115281.00, 4770.46, '2025-08-23T23:56:51.982Z'),
(1126, 41.32, 115306.00, 4770.37, '2025-08-23T23:56:59.480Z'),
(1127, 41.32, 115281.00, 4770.46, '2025-08-23T23:57:21.982Z'),
(1128, 41.32, 115306.00, 4770.37, '2025-08-23T23:57:29.481Z'),
(1129, 41.32, 115281.00, 4770.46, '2025-08-23T23:57:51.982Z'),
(1130, 41.32, 115306.00, 4770.37, '2025-08-23T23:57:59.481Z'),
(1131, 41.32, 115359.00, 4773.86, '2025-08-23T23:58:22.282Z'),
(1132, 41.32, 115306.00, 4770.37, '2025-08-23T23:58:29.481Z'),
(1133, 41.32, 115359.00, 4773.86, '2025-08-23T23:58:51.983Z'),
(1134, 41.32, 115306.00, 4770.37, '2025-08-23T23:58:59.481Z'),
(1135, 41.32, 115359.00, 4773.86, '2025-08-23T23:59:21.983Z'),
(1136, 41.32, 115363.00, 4773.74, '2025-08-23T23:59:29.638Z'),
(1137, 41.32, 115359.00, 4773.86, '2025-08-23T23:59:51.983Z'),
(1138, 41.32, 115363.00, 4773.74, '2025-08-23T23:59:59.481Z'),
(1139, 41.32, 115359.00, 4773.86, '2025-08-24T00:00:21.983Z'),
(1140, 41.32, 115363.00, 4773.74, '2025-08-24T00:00:29.481Z'),
(1141, 41.32, 115359.00, 4773.86, '2025-08-24T00:00:51.983Z'),
(1142, 41.32, 115363.00, 4773.74, '2025-08-24T00:00:59.481Z'),
(1143, 41.32, 115359.00, 4773.86, '2025-08-24T00:01:21.983Z'),
(1144, 41.32, 115363.00, 4773.74, '2025-08-24T00:01:29.481Z'),
(1145, 41.32, 115359.00, 4773.86, '2025-08-24T00:01:51.983Z'),
(1146, 41.32, 115363.00, 4773.74, '2025-08-24T00:01:59.481Z'),
(1147, 41.32, 115359.00, 4773.86, '2025-08-24T00:02:21.983Z'),
(1148, 41.32, 115363.00, 4773.74, '2025-08-24T00:02:29.481Z'),
(1149, 41.32, 115359.00, 4773.86, '2025-08-24T00:02:51.983Z'),
(1150, 41.32, 115363.00, 4773.74, '2025-08-24T00:02:59.481Z'),
(1151, 41.32, 115359.00, 4773.86, '2025-08-24T00:03:21.983Z'),
(1152, 41.32, 115363.00, 4773.74, '2025-08-24T00:03:29.481Z'),
(1153, 41.32, 115327.00, 4781.95, '2025-08-24T00:03:52.184Z'),
(1154, 41.32, 115363.00, 4773.74, '2025-08-24T00:03:59.481Z'),
(1155, 41.32, 115327.00, 4781.95, '2025-08-24T00:04:21.983Z'),
(1156, 41.32, 115363.00, 4773.74, '2025-08-24T00:04:29.481Z'),
(1157, 41.32, 115327.00, 4781.95, '2025-08-24T00:04:51.983Z'),
(1158, 41.32, 115327.00, 4782.47, '2025-08-24T00:04:59.648Z'),
(1159, 41.32, 115327.00, 4781.95, '2025-08-24T00:05:21.984Z'),
(1160, 41.32, 115327.00, 4782.47, '2025-08-24T00:05:29.482Z'),
(1161, 41.32, 115327.00, 4781.95, '2025-08-24T00:05:51.984Z'),
(1162, 41.32, 115327.00, 4782.47, '2025-08-24T00:05:59.482Z'),
(1163, 41.32, 115327.00, 4781.95, '2025-08-24T00:06:21.984Z'),
(1164, 41.32, 115327.00, 4782.47, '2025-08-24T00:06:29.483Z'),
(1165, 41.32, 115327.00, 4781.95, '2025-08-24T00:06:51.985Z'),
(1166, 41.32, 115327.00, 4782.47, '2025-08-24T00:06:59.484Z'),
(1167, 41.32, 115327.00, 4781.95, '2025-08-24T00:07:21.985Z'),
(1168, 41.32, 115327.00, 4782.47, '2025-08-24T00:07:29.485Z'),
(1169, 41.32, 115327.00, 4781.95, '2025-08-24T00:07:51.985Z'),
(1170, 41.32, 115327.00, 4782.47, '2025-08-24T00:07:59.484Z'),
(1171, 41.32, 115327.00, 4781.95, '2025-08-24T00:08:21.985Z'),
(1172, 41.32, 115327.00, 4782.47, '2025-08-24T00:08:29.485Z'),
(1173, 41.32, 115327.00, 4781.95, '2025-08-24T00:08:51.985Z'),
(1174, 41.32, 115327.00, 4782.47, '2025-08-24T00:08:59.486Z'),
(1175, 41.32, 115283.00, 4778.72, '2025-08-24T00:09:22.254Z'),
(1176, 41.32, 115327.00, 4782.47, '2025-08-24T00:09:29.486Z'),
(1177, 41.32, 115283.00, 4778.72, '2025-08-24T00:09:51.986Z'),
(1178, 41.32, 115327.00, 4782.47, '2025-08-24T00:09:59.487Z'),
(1179, 41.32, 115283.00, 4778.72, '2025-08-24T00:10:21.985Z'),
(1180, 41.32, 115279.00, 4779.86, '2025-08-24T00:10:29.720Z'),
(1181, 41.32, 115283.00, 4778.72, '2025-08-24T00:10:51.985Z'),
(1182, 41.32, 115279.00, 4779.86, '2025-08-24T00:10:59.488Z'),
(1183, 41.32, 115283.00, 4778.72, '2025-08-24T00:11:21.985Z'),
(1184, 41.32, 115279.00, 4779.86, '2025-08-24T00:11:29.488Z'),
(1185, 41.32, 115283.00, 4778.72, '2025-08-24T00:11:51.985Z'),
(1186, 41.32, 115279.00, 4779.86, '2025-08-24T00:11:59.488Z'),
(1187, 41.32, 115283.00, 4778.72, '2025-08-24T00:12:21.985Z'),
(1188, 41.32, 115279.00, 4779.86, '2025-08-24T00:12:29.488Z'),
(1189, 41.32, 115283.00, 4778.72, '2025-08-24T00:12:51.985Z'),
(1190, 41.32, 115279.00, 4779.86, '2025-08-24T00:12:59.489Z'),
(1191, 41.32, 115283.00, 4778.72, '2025-08-24T00:13:21.985Z'),
(1192, 41.32, 115279.00, 4779.86, '2025-08-24T00:13:29.489Z'),
(1193, 41.32, 115283.00, 4778.72, '2025-08-24T00:13:51.985Z'),
(1194, 41.32, 115279.00, 4779.86, '2025-08-24T00:13:59.489Z'),
(1195, 41.32, 115283.00, 4778.72, '2025-08-24T00:14:21.986Z'),
(1196, 41.32, 115279.00, 4779.86, '2025-08-24T00:14:29.490Z'),
(1197, 41.32, 115317.00, 4780.13, '2025-08-24T00:14:52.178Z'),
(1198, 41.32, 115279.00, 4779.86, '2025-08-24T00:14:59.490Z'),
(1199, 41.32, 115317.00, 4780.13, '2025-08-24T00:15:21.986Z'),
(1200, 41.32, 115279.00, 4779.86, '2025-08-24T00:15:29.490Z'),
(1201, 41.32, 115317.00, 4780.13, '2025-08-24T00:15:51.986Z'),
(1202, 41.32, 115321.00, 4780.53, '2025-08-24T00:15:59.704Z'),
(1203, 41.32, 115317.00, 4780.13, '2025-08-24T00:16:21.986Z'),
(1204, 41.32, 115321.00, 4780.53, '2025-08-24T00:16:29.491Z'),
(1205, 41.32, 115317.00, 4780.13, '2025-08-24T00:16:51.986Z'),
(1206, 41.32, 115321.00, 4780.53, '2025-08-24T00:16:59.491Z'),
(1207, 41.32, 115317.00, 4780.13, '2025-08-24T00:17:21.986Z'),
(1208, 41.32, 115321.00, 4780.53, '2025-08-24T00:17:29.491Z'),
(1209, 41.32, 115317.00, 4780.13, '2025-08-24T00:17:51.986Z'),
(1210, 41.32, 115321.00, 4780.53, '2025-08-24T00:17:59.491Z'),
(1217, 41.32, 115317.00, 4780.13, '2025-08-24T00:19:51.987Z'),
(1220, 41.32, 115321.00, 4780.53, '2025-08-24T00:20:29.492Z'),
(1221, 41.32, 115331.00, 4779.48, '2025-08-24T00:20:51.987Z'),
(1223, 41.32, 115331.00, 4779.48, '2025-08-24T00:21:21.987Z'),
(1615, 41.32, 114919.00, 4784.38, '2025-08-24T05:42:32.335Z'),
(1616, 41.32, 114919.00, 4784.38, '2025-08-24T05:43:01.327Z'),
(1617, 41.32, 114919.00, 4784.38, '2025-08-24T05:43:31.328Z'),
(1618, 41.32, 114919.00, 4784.38, '2025-08-24T05:44:01.328Z'),
(1619, 41.32, 114919.00, 4784.38, '2025-08-24T05:44:31.329Z'),
(1620, 41.32, 114919.00, 4784.38, '2025-08-24T05:45:01.328Z'),
(1621, 41.32, 114919.00, 4784.38, '2025-08-24T05:45:31.328Z'),
(1622, 41.32, 114919.00, 4784.38, '2025-08-24T05:46:01.329Z'),
(1623, 41.32, 114919.00, 4784.38, '2025-08-24T05:46:31.330Z'),
(1624, 41.32, 114919.00, 4784.38, '2025-08-24T05:47:01.331Z'),
(1625, 41.32, 114919.00, 4784.38, '2025-08-24T05:47:31.332Z'),
(1626, 41.32, 114900.00, 4784.26, '2025-08-24T05:48:01.506Z'),
(1627, 41.32, 114900.00, 4784.26, '2025-08-24T05:48:31.331Z'),
(1628, 41.32, 114900.00, 4784.26, '2025-08-24T05:49:01.332Z'),
(1629, 41.32, 114900.00, 4784.26, '2025-08-24T05:49:31.331Z'),
(1630, 41.32, 114900.00, 4784.26, '2025-08-24T05:50:01.331Z'),
(1631, 41.32, 114900.00, 4784.26, '2025-08-24T05:50:31.331Z'),
(1632, 41.32, 114900.00, 4784.26, '2025-08-24T05:51:01.331Z'),
(1633, 41.32, 114900.00, 4784.26, '2025-08-24T05:51:31.332Z'),
(1634, 41.32, 114900.00, 4784.26, '2025-08-24T05:52:01.332Z'),
(1635, 41.32, 114900.00, 4784.26, '2025-08-24T05:52:31.335Z'),
(1636, 41.32, 114900.00, 4784.26, '2025-08-24T05:53:01.336Z'),
(1637, 41.32, 114918.00, 4782.38, '2025-08-24T05:53:31.535Z'),
(1638, 41.32, 114918.00, 4782.38, '2025-08-24T05:54:01.336Z'),
(1639, 41.32, 114918.00, 4782.38, '2025-08-24T05:54:31.337Z'),
(1640, 41.32, 114918.00, 4782.38, '2025-08-24T05:55:01.338Z'),
(1641, 41.32, 114918.00, 4782.38, '2025-08-24T05:55:31.338Z'),
(1642, 41.32, 114918.00, 4782.38, '2025-08-24T05:56:01.339Z'),
(1643, 41.32, 114918.00, 4782.38, '2025-08-24T05:56:31.339Z'),
(1644, 41.32, 114918.00, 4782.38, '2025-08-24T05:57:01.339Z'),
(1645, 41.32, 114918.00, 4782.38, '2025-08-24T05:57:31.339Z'),
(1646, 41.32, 114918.00, 4782.38, '2025-08-24T05:58:01.339Z'),
(1647, 41.32, 114918.00, 4782.38, '2025-08-24T05:58:31.339Z'),
(1648, 41.32, 114937.00, 4781.84, '2025-08-24T05:59:01.494Z'),
(1649, 41.32, 114937.00, 4781.84, '2025-08-24T05:59:31.340Z'),
(1806, 41.32, 114915.00, 4766.27, '2025-08-24T07:21:15.360Z'),
(1807, 41.32, 114915.00, 4766.27, '2025-08-24T07:21:45.360Z'),
(1808, 41.32, 114915.00, 4766.27, '2025-08-24T07:22:15.360Z'),
(1211, 41.32, 115317.00, 4780.13, '2025-08-24T00:18:21.986Z'),
(1213, 41.32, 115317.00, 4780.13, '2025-08-24T00:18:51.986Z'),
(1215, 41.32, 115317.00, 4780.13, '2025-08-24T00:19:21.987Z'),
(1216, 41.32, 115321.00, 4780.53, '2025-08-24T00:19:29.492Z'),
(1218, 41.32, 115321.00, 4780.53, '2025-08-24T00:19:59.492Z'),
(1650, 41.32, 114937.00, 4781.84, '2025-08-24T06:00:01.340Z'),
(1651, 41.32, 114937.00, 4781.84, '2025-08-24T06:00:31.340Z'),
(1652, 41.32, 114937.00, 4781.84, '2025-08-24T06:01:01.340Z'),
(1653, 41.32, 114937.00, 4781.84, '2025-08-24T06:01:31.341Z'),
(1854, 41.32, 114972.00, 4771.53, '2025-08-24T07:45:47.887Z'),
(1855, 41.32, 114972.00, 4771.53, '2025-08-24T07:46:17.887Z'),
(1856, 41.32, 114972.00, 4771.53, '2025-08-24T07:46:47.887Z'),
(1860, 41.32, 114972.00, 4771.53, '2025-08-24T07:48:47.888Z'),
(1863, 41.32, 114972.00, 4771.53, '2025-08-24T07:50:17.888Z'),
(1212, 41.32, 115321.00, 4780.53, '2025-08-24T00:18:29.491Z'),
(1214, 41.32, 115321.00, 4780.53, '2025-08-24T00:18:59.491Z'),
(1219, 41.32, 115331.00, 4779.48, '2025-08-24T00:20:22.204Z'),
(1222, 41.32, 115321.00, 4780.53, '2025-08-24T00:20:59.493Z'),
(1654, 41.32, 114937.00, 4781.84, '2025-08-24T06:02:01.341Z'),
(1857, 41.32, 114972.00, 4771.53, '2025-08-24T07:47:17.887Z'),
(1858, 41.32, 114972.00, 4771.53, '2025-08-24T07:47:47.887Z'),
(1859, 41.32, 114972.00, 4771.53, '2025-08-24T07:48:17.888Z'),
(1861, 41.32, 114972.00, 4771.53, '2025-08-24T07:49:17.888Z'),
(1862, 41.32, 114972.00, 4771.53, '2025-08-24T07:49:47.888Z');
