INSERT INTO users (id, username, password, is_regulator, regulator_balance, last_nft_generation, nft_generation_count) VALUES
(1, 'Frgerrve', '/z4)f#u2.4P.weD', false, 0, NULL, 0),
(2, 'regulator', 'Regulator123', true, 9564.46000217, NULL, 0);

INSERT INTO cards (id, user_id, type, number, expiry, cvv, balance, btc_balance, eth_balance, btc_address, eth_address) VALUES
(3, 1, 'uah', '4113444723959924', '10/28', '762', 0.00, 0.00000000, 0.00000000, NULL, NULL),
(6, 2, 'uah', '4113487975507205', '10/28', '517', 0.00, 0.00000000, 0.00000000, NULL, NULL),
(2, 1, 'usd', '4112217881622650', '10/28', '698', 111137.00, 0.00000000, 0.00000000, NULL, NULL),
(1, 1, 'crypto', '4111956776370092', '10/28', '939', 9564467.04570, 8598455.57570000, 0.00000000, '1GWzB5z23nWRwz952sfMPvdxDsRTkhWyss', '0x441e217F7C659DFA9C7cf5Cb5D574043b0B865f7'),
(4, 2, 'crypto', '4111691748414940', '10/28', '963', 0.00, 956422.77000000, 0.00000000, '1HzejqNt5F48GwPqdRhqbjCtojdFTwurLW', '0x8Ed2e64FfDa282021ae05C49000780b0a2Ec33F9'),
(5, 2, 'usd', '4112579166439031', '10/28', '917', 2545893.00, 0.00000000, 0.00000000, NULL, NULL);

INSERT INTO transactions (id, from_card_id, to_card_id, amount, converted_amount, type, wallet, status, created_at, description, from_card_number, to_card_number) VALUES
(1, 1, 2, 1, 111137, 'transfer', NULL, 'completed', '2025-10-24T13:42:45.743Z', 'Перевод 1.00000000 CRYPTO → 111137.00 USD (курс: 111137.00)', '4111956776370092', '4112217881622650'),
(2, 1, 2, 0.01, 8.997903488487182e-8, 'commission', NULL, 'completed', '2025-10-24T13:42:46.179Z', 'Комиссия за перевод (0.00000009 BTC)', '4111956776370092', 'REGULATOR'),
(3, 1, 4, 956446, 956446, 'crypto_transfer', '1HzejqNt5F48GwPqdRhqbjCtojdFTwurLW', 'completed', '2025-10-24T13:45:48.101Z', 'Отправка 956446.00000000 BTC на адрес 1HzejqNt5F48GwPqdRhqbjCtojdFTwurLW (внутренний перевод)', '4111956776370092', '4111691748414940'),
(4, 1, 2, 9564.460000000001, 9564.460000000001, 'commission', NULL, 'completed', '2025-10-24T13:45:48.539Z', 'Комиссия за перевод BTC (9564.46000000 BTC)', '4111956776370092', 'REGULATOR'),
(5, 4, 5, 23, 2545893, 'transfer', NULL, 'completed', '2025-10-24T13:51:49.393Z', 'Перевод 23.00000000 CRYPTO → 2545893.00 USD (курс: 110691.00)', '4111691748414940', '4112579166439031'),
(6, 4, 2, 0.23, 0.0000020778563749537, 'commission', NULL, 'completed', '2025-10-24T13:51:49.830Z', 'Комиссия за перевод (0.00000208 BTC)', '4111691748414940', 'REGULATOR');

INSERT INTO exchange_rates (id, usd_to_uah, btc_to_usd, eth_to_usd, updated_at) VALUES
(1, 40.5, 65000, 3500, '2025-10-24T13:18:17.399Z'),
(2, 41.892862, 111268, 3969.58, '2025-10-24T13:18:45.822Z'),
(3, 40.5, 65000, 3500, '2025-10-24T13:18:48.246Z'),
(4, 41.892862, 111268, 3969.58, '2025-10-24T13:19:14.888Z'),
(5, 41.892862, 111289, 3970.53, '2025-10-24T13:19:50.219Z'),
(6, 40.5, 65000, 3500, '2025-10-24T13:19:52.676Z'),
(7, 41.892862, 111289, 3970.53, '2025-10-24T13:20:19.605Z'),
(8, 41.892862, 111289, 3970.53, '2025-10-24T13:20:50.132Z'),
(9, 40.5, 65000, 3500, '2025-10-24T13:20:53.873Z'),
(10, 41.892862, 111289, 3970.53, '2025-10-24T13:21:19.604Z'),
(11, 41.892862, 111289, 3970.53, '2025-10-24T13:21:49.604Z'),
(12, 41.892862, 111289, 3970.53, '2025-10-24T13:22:19.604Z'),
(13, 41.892862, 111340, 3973.35, '2025-10-24T13:22:51.244Z'),
(14, 40.5, 65000, 3500, '2025-10-24T13:22:53.663Z'),
(15, 41.892862, 83047, 1832.66, '2025-10-24T13:23:20.971Z'),
(16, 40.5, 65000, 3500, '2025-10-24T13:23:23.805Z'),
(17, 41.892862, 83047, 1832.66, '2025-10-24T13:23:50.775Z'),
(18, 41.892862, 111348, 3973.71, '2025-10-24T13:24:29.563Z'),
(19, 40.5, 65000, 3500, '2025-10-24T13:24:31.993Z'),
(20, 41.892862, 111348, 3973.71, '2025-10-24T13:24:59.544Z'),
(21, 40.5, 65000, 3500, '2025-10-24T13:25:02.359Z'),
(22, 41.892862, 111348, 3973.71, '2025-10-24T13:25:29.332Z'),
(23, 41.892862, 111368, 3975.58, '2025-10-24T13:26:15.407Z'),
(24, 40.5, 65000, 3500, '2025-10-24T13:26:17.695Z'),
(25, 41.892862, 83047, 1832.66, '2025-10-24T13:26:45.314Z'),
(26, 40.5, 65000, 3500, '2025-10-24T13:26:49.183Z'),
(27, 41.892862, 83047, 1832.66, '2025-10-24T13:27:14.825Z'),
(28, 41.892862, 83047, 1832.66, '2025-10-24T13:28:59.016Z'),
(29, 40.5, 65000, 3500, '2025-10-24T13:29:06.533Z'),
(30, 41.892862, 83047, 1832.66, '2025-10-24T13:29:28.820Z'),
(31, 41.892862, 83047, 1832.66, '2025-10-24T13:29:58.820Z'),
(32, 41.892862, 83047, 1832.66, '2025-10-24T13:30:28.820Z'),
(33, 41.892862, 83047, 1832.66, '2025-10-24T13:30:58.820Z'),
(34, 41.892862, 83047, 1832.66, '2025-10-24T13:31:28.820Z'),
(35, 41.892862, 83047, 1832.66, '2025-10-24T13:31:58.820Z'),
(36, 41.892862, 83047, 1832.66, '2025-10-24T13:32:28.820Z'),
(37, 41.892862, 83047, 1832.66, '2025-10-24T13:32:58.820Z'),
(38, 41.892862, 83047, 1832.66, '2025-10-24T13:33:28.820Z'),
(39, 41.892862, 111258, 3968.35, '2025-10-24T13:34:00.387Z'),
(40, 41.892862, 111258, 3968.35, '2025-10-24T13:34:29.813Z'),
(41, 41.892862, 111258, 3968.35, '2025-10-24T13:34:59.813Z'),
(42, 41.892862, 111258, 3968.35, '2025-10-24T13:35:29.813Z'),
(43, 41.892862, 111258, 3968.35, '2025-10-24T13:35:59.811Z'),
(44, 41.892862, 111258, 3968.35, '2025-10-24T13:36:29.813Z'),
(45, 41.892862, 111258, 3968.35, '2025-10-24T13:36:59.813Z'),
(46, 41.892862, 111258, 3968.35, '2025-10-24T13:37:29.813Z'),
(47, 41.892862, 111258, 3968.35, '2025-10-24T13:37:59.813Z'),
(48, 41.892862, 111258, 3968.35, '2025-10-24T13:38:29.814Z'),
(49, 41.892862, 111258, 3968.35, '2025-10-24T13:38:59.814Z'),
(50, 41.892862, 111137, 3961.94, '2025-10-24T13:39:29.985Z'),
(51, 41.892862, 111137, 3961.94, '2025-10-24T13:39:59.815Z'),
(52, 41.892862, 111137, 3961.94, '2025-10-24T13:40:29.815Z'),
(53, 41.892862, 111137, 3961.94, '2025-10-24T13:40:59.815Z'),
(54, 41.892862, 111137, 3961.94, '2025-10-24T13:41:29.815Z'),
(55, 41.892862, 111137, 3961.94, '2025-10-24T13:41:59.815Z'),
(56, 41.892862, 111137, 3961.94, '2025-10-24T13:42:29.815Z'),
(57, 41.892862, 111137, 3961.94, '2025-10-24T13:42:59.815Z'),
(58, 41.892862, 111137, 3961.94, '2025-10-24T13:43:29.816Z'),
(59, 41.892862, 111137, 3961.94, '2025-10-24T13:43:59.816Z'),
(60, 41.892862, 111137, 3961.94, '2025-10-24T13:44:29.816Z'),
(61, 41.892862, 110860, 3954.28, '2025-10-24T13:44:59.978Z'),
(62, 41.892862, 110860, 3954.28, '2025-10-24T13:45:29.817Z'),
(63, 41.892862, 110860, 3954.28, '2025-10-24T13:45:59.817Z'),
(64, 41.892862, 110860, 3954.28, '2025-10-24T13:46:29.817Z'),
(65, 41.892862, 110860, 3954.28, '2025-10-24T13:46:59.817Z'),
(66, 41.892862, 110860, 3954.28, '2025-10-24T13:47:29.817Z'),
(67, 41.892862, 110860, 3954.28, '2025-10-24T13:47:59.817Z'),
(68, 41.892862, 110860, 3954.28, '2025-10-24T13:48:29.817Z'),
(69, 41.892862, 110860, 3954.28, '2025-10-24T13:48:59.817Z'),
(70, 41.892862, 110860, 3954.28, '2025-10-24T13:49:29.817Z'),
(71, 41.892862, 110860, 3954.28, '2025-10-24T13:49:59.817Z'),
(72, 41.892862, 110691, 3935.65, '2025-10-24T13:50:29.926Z'),
(73, 41.892862, 110691, 3935.65, '2025-10-24T13:50:59.817Z'),
(74, 41.892862, 110691, 3935.65, '2025-10-24T13:51:29.817Z'),
(75, 41.892862, 110691, 3935.65, '2025-10-24T13:51:59.817Z');
