[
  {
    "id": 1,
    "usdToUah": "40.5",
    "btcToUsd": "65000",
    "ethToUsd": "3500",
    "updatedAt": "2025-10-24T13:18:17.399Z"
  },
  {
    "id": 2,
    "usdToUah": "41.892862",
    "btcToUsd": "111268",
    "ethToUsd": "3969.58",
    "updatedAt": "2025-10-24T13:18:45.822Z"
  },
  {
    "id": 3,
    "usdToUah": "40.5",
    "btcToUsd": "65000",
    "ethToUsd": "3500",
    "updatedAt": "2025-10-24T13:18:48.246Z"
  },
  {
    "id": 4,
    "usdToUah": "41.892862",
    "btcToUsd": "111268",
    "ethToUsd": "3969.58",
    "updatedAt": "2025-10-24T13:19:14.888Z"
  },
  {
    "id": 5,
    "usdToUah": "41.892862",
    "btcToUsd": "111289",
    "ethToUsd": "3970.53",
    "updatedAt": "2025-10-24T13:19:50.219Z"
  },
  {
    "id": 6,
    "usdToUah": "40.5",
    "btcToUsd": "65000",
    "ethToUsd": "3500",
    "updatedAt": "2025-10-24T13:19:52.676Z"
  },
  {
    "id": 7,
    "usdToUah": "41.892862",
    "btcToUsd": "111289",
    "ethToUsd": "3970.53",
    "updatedAt": "2025-10-24T13:20:19.605Z"
  },
  {
    "id": 8,
    "usdToUah": "41.892862",
    "btcToUsd": "111289",
    "ethToUsd": "3970.53",
    "updatedAt": "2025-10-24T13:20:50.132Z"
  },
  {
    "id": 9,
    "usdToUah": "40.5",
    "btcToUsd": "65000",
    "ethToUsd": "3500",
    "updatedAt": "2025-10-24T13:20:53.873Z"
  },
  {
    "id": 10,
    "usdToUah": "41.892862",
    "btcToUsd": "111289",
    "ethToUsd": "3970.53",
    "updatedAt": "2025-10-24T13:21:19.604Z"
  },
  {
    "id": 11,
    "usdToUah": "41.892862",
    "btcToUsd": "111289",
    "ethToUsd": "3970.53",
    "updatedAt": "2025-10-24T13:21:49.604Z"
  },
  {
    "id": 12,
    "usdToUah": "41.892862",
    "btcToUsd": "111289",
    "ethToUsd": "3970.53",
    "updatedAt": "2025-10-24T13:22:19.604Z"
  },
  {
    "id": 13,
    "usdToUah": "41.892862",
    "btcToUsd": "111340",
    "ethToUsd": "3973.35",
    "updatedAt": "2025-10-24T13:22:51.244Z"
  },
  {
    "id": 14,
    "usdToUah": "40.5",
    "btcToUsd": "65000",
    "ethToUsd": "3500",
    "updatedAt": "2025-10-24T13:22:53.663Z"
  },
  {
    "id": 15,
    "usdToUah": "41.892862",
    "btcToUsd": "83047",
    "ethToUsd": "1832.66",
    "updatedAt": "2025-10-24T13:23:20.971Z"
  },
  {
    "id": 16,
    "usdToUah": "40.5",
    "btcToUsd": "65000",
    "ethToUsd": "3500",
    "updatedAt": "2025-10-24T13:23:23.805Z"
  },
  {
    "id": 17,
    "usdToUah": "41.892862",
    "btcToUsd": "83047",
    "ethToUsd": "1832.66",
    "updatedAt": "2025-10-24T13:23:50.775Z"
  },
  {
    "id": 18,
    "usdToUah": "41.892862",
    "btcToUsd": "111348",
    "ethToUsd": "3973.71",
    "updatedAt": "2025-10-24T13:24:29.563Z"
  },
  {
    "id": 19,
    "usdToUah": "40.5",
    "btcToUsd": "65000",
    "ethToUsd": "3500",
    "updatedAt": "2025-10-24T13:24:31.993Z"
  },
  {
    "id": 20,
    "usdToUah": "41.892862",
    "btcToUsd": "111348",
    "ethToUsd": "3973.71",
    "updatedAt": "2025-10-24T13:24:59.544Z"
  },
  {
    "id": 21,
    "usdToUah": "40.5",
    "btcToUsd": "65000",
    "ethToUsd": "3500",
    "updatedAt": "2025-10-24T13:25:02.359Z"
  },
  {
    "id": 22,
    "usdToUah": "41.892862",
    "btcToUsd": "111348",
    "ethToUsd": "3973.71",
    "updatedAt": "2025-10-24T13:25:29.332Z"
  },
  {
    "id": 23,
    "usdToUah": "41.892862",
    "btcToUsd": "111368",
    "ethToUsd": "3975.58",
    "updatedAt": "2025-10-24T13:26:15.407Z"
  },
  {
    "id": 24,
    "usdToUah": "40.5",
    "btcToUsd": "65000",
    "ethToUsd": "3500",
    "updatedAt": "2025-10-24T13:26:17.695Z"
  },
  {
    "id": 25,
    "usdToUah": "41.892862",
    "btcToUsd": "83047",
    "ethToUsd": "1832.66",
    "updatedAt": "2025-10-24T13:26:45.314Z"
  },
  {
    "id": 26,
    "usdToUah": "40.5",
    "btcToUsd": "65000",
    "ethToUsd": "3500",
    "updatedAt": "2025-10-24T13:26:49.183Z"
  },
  {
    "id": 27,
    "usdToUah": "41.892862",
    "btcToUsd": "83047",
    "ethToUsd": "1832.66",
    "updatedAt": "2025-10-24T13:27:14.825Z"
  },
  {
    "id": 28,
    "usdToUah": "41.892862",
    "btcToUsd": "83047",
    "ethToUsd": "1832.66",
    "updatedAt": "2025-10-24T13:28:59.016Z"
  },
  {
    "id": 29,
    "usdToUah": "40.5",
    "btcToUsd": "65000",
    "ethToUsd": "3500",
    "updatedAt": "2025-10-24T13:29:06.533Z"
  },
  {
    "id": 30,
    "usdToUah": "41.892862",
    "btcToUsd": "83047",
    "ethToUsd": "1832.66",
    "updatedAt": "2025-10-24T13:29:28.820Z"
  },
  {
    "id": 31,
    "usdToUah": "41.892862",
    "btcToUsd": "83047",
    "ethToUsd": "1832.66",
    "updatedAt": "2025-10-24T13:29:58.820Z"
  },
  {
    "id": 32,
    "usdToUah": "41.892862",
    "btcToUsd": "83047",
    "ethToUsd": "1832.66",
    "updatedAt": "2025-10-24T13:30:28.820Z"
  },
  {
    "id": 33,
    "usdToUah": "41.892862",
    "btcToUsd": "83047",
    "ethToUsd": "1832.66",
    "updatedAt": "2025-10-24T13:30:58.820Z"
  },
  {
    "id": 34,
    "usdToUah": "41.892862",
    "btcToUsd": "83047",
    "ethToUsd": "1832.66",
    "updatedAt": "2025-10-24T13:31:28.820Z"
  },
  {
    "id": 35,
    "usdToUah": "41.892862",
    "btcToUsd": "83047",
    "ethToUsd": "1832.66",
    "updatedAt": "2025-10-24T13:31:58.820Z"
  },
  {
    "id": 36,
    "usdToUah": "41.892862",
    "btcToUsd": "83047",
    "ethToUsd": "1832.66",
    "updatedAt": "2025-10-24T13:32:28.820Z"
  },
  {
    "id": 37,
    "usdToUah": "41.892862",
    "btcToUsd": "83047",
    "ethToUsd": "1832.66",
    "updatedAt": "2025-10-24T13:32:58.820Z"
  },
  {
    "id": 38,
    "usdToUah": "41.892862",
    "btcToUsd": "83047",
    "ethToUsd": "1832.66",
    "updatedAt": "2025-10-24T13:33:28.820Z"
  },
  {
    "id": 39,
    "usdToUah": "41.892862",
    "btcToUsd": "111258",
    "ethToUsd": "3968.35",
    "updatedAt": "2025-10-24T13:34:00.387Z"
  },
  {
    "id": 40,
    "usdToUah": "41.892862",
    "btcToUsd": "111258",
    "ethToUsd": "3968.35",
    "updatedAt": "2025-10-24T13:34:29.813Z"
  },
  {
    "id": 41,
    "usdToUah": "41.892862",
    "btcToUsd": "111258",
    "ethToUsd": "3968.35",
    "updatedAt": "2025-10-24T13:34:59.813Z"
  },
  {
    "id": 42,
    "usdToUah": "41.892862",
    "btcToUsd": "111258",
    "ethToUsd": "3968.35",
    "updatedAt": "2025-10-24T13:35:29.813Z"
  },
  {
    "id": 43,
    "usdToUah": "41.892862",
    "btcToUsd": "111258",
    "ethToUsd": "3968.35",
    "updatedAt": "2025-10-24T13:35:59.811Z"
  },
  {
    "id": 44,
    "usdToUah": "41.892862",
    "btcToUsd": "111258",
    "ethToUsd": "3968.35",
    "updatedAt": "2025-10-24T13:36:29.813Z"
  },
  {
    "id": 45,
    "usdToUah": "41.892862",
    "btcToUsd": "111258",
    "ethToUsd": "3968.35",
    "updatedAt": "2025-10-24T13:36:59.813Z"
  },
  {
    "id": 46,
    "usdToUah": "41.892862",
    "btcToUsd": "111258",
    "ethToUsd": "3968.35",
    "updatedAt": "2025-10-24T13:37:29.813Z"
  },
  {
    "id": 47,
    "usdToUah": "41.892862",
    "btcToUsd": "111258",
    "ethToUsd": "3968.35",
    "updatedAt": "2025-10-24T13:37:59.813Z"
  },
  {
    "id": 48,
    "usdToUah": "41.892862",
    "btcToUsd": "111258",
    "ethToUsd": "3968.35",
    "updatedAt": "2025-10-24T13:38:29.814Z"
  },
  {
    "id": 49,
    "usdToUah": "41.892862",
    "btcToUsd": "111258",
    "ethToUsd": "3968.35",
    "updatedAt": "2025-10-24T13:38:59.814Z"
  },
  {
    "id": 50,
    "usdToUah": "41.892862",
    "btcToUsd": "111137",
    "ethToUsd": "3961.94",
    "updatedAt": "2025-10-24T13:39:29.985Z"
  },
  {
    "id": 51,
    "usdToUah": "41.892862",
    "btcToUsd": "111137",
    "ethToUsd": "3961.94",
    "updatedAt": "2025-10-24T13:39:59.815Z"
  },
  {
    "id": 52,
    "usdToUah": "41.892862",
    "btcToUsd": "111137",
    "ethToUsd": "3961.94",
    "updatedAt": "2025-10-24T13:40:29.815Z"
  },
  {
    "id": 53,
    "usdToUah": "41.892862",
    "btcToUsd": "111137",
    "ethToUsd": "3961.94",
    "updatedAt": "2025-10-24T13:40:59.815Z"
  },
  {
    "id": 54,
    "usdToUah": "41.892862",
    "btcToUsd": "111137",
    "ethToUsd": "3961.94",
    "updatedAt": "2025-10-24T13:41:29.815Z"
  },
  {
    "id": 55,
    "usdToUah": "41.892862",
    "btcToUsd": "111137",
    "ethToUsd": "3961.94",
    "updatedAt": "2025-10-24T13:41:59.815Z"
  },
  {
    "id": 56,
    "usdToUah": "41.892862",
    "btcToUsd": "111137",
    "ethToUsd": "3961.94",
    "updatedAt": "2025-10-24T13:42:29.815Z"
  },
  {
    "id": 57,
    "usdToUah": "41.892862",
    "btcToUsd": "111137",
    "ethToUsd": "3961.94",
    "updatedAt": "2025-10-24T13:42:59.815Z"
  },
  {
    "id": 58,
    "usdToUah": "41.892862",
    "btcToUsd": "111137",
    "ethToUsd": "3961.94",
    "updatedAt": "2025-10-24T13:43:29.816Z"
  },
  {
    "id": 59,
    "usdToUah": "41.892862",
    "btcToUsd": "111137",
    "ethToUsd": "3961.94",
    "updatedAt": "2025-10-24T13:43:59.816Z"
  },
  {
    "id": 60,
    "usdToUah": "41.892862",
    "btcToUsd": "111137",
    "ethToUsd": "3961.94",
    "updatedAt": "2025-10-24T13:44:29.816Z"
  },
  {
    "id": 61,
    "usdToUah": "41.892862",
    "btcToUsd": "110860",
    "ethToUsd": "3954.28",
    "updatedAt": "2025-10-24T13:44:59.978Z"
  },
  {
    "id": 62,
    "usdToUah": "41.892862",
    "btcToUsd": "110860",
    "ethToUsd": "3954.28",
    "updatedAt": "2025-10-24T13:45:29.817Z"
  },
  {
    "id": 63,
    "usdToUah": "41.892862",
    "btcToUsd": "110860",
    "ethToUsd": "3954.28",
    "updatedAt": "2025-10-24T13:45:59.817Z"
  },
  {
    "id": 64,
    "usdToUah": "41.892862",
    "btcToUsd": "110860",
    "ethToUsd": "3954.28",
    "updatedAt": "2025-10-24T13:46:29.817Z"
  },
  {
    "id": 65,
    "usdToUah": "41.892862",
    "btcToUsd": "110860",
    "ethToUsd": "3954.28",
    "updatedAt": "2025-10-24T13:46:59.817Z"
  },
  {
    "id": 66,
    "usdToUah": "41.892862",
    "btcToUsd": "110860",
    "ethToUsd": "3954.28",
    "updatedAt": "2025-10-24T13:47:29.817Z"
  },
  {
    "id": 67,
    "usdToUah": "41.892862",
    "btcToUsd": "110860",
    "ethToUsd": "3954.28",
    "updatedAt": "2025-10-24T13:47:59.817Z"
  },
  {
    "id": 68,
    "usdToUah": "41.892862",
    "btcToUsd": "110860",
    "ethToUsd": "3954.28",
    "updatedAt": "2025-10-24T13:48:29.817Z"
  },
  {
    "id": 69,
    "usdToUah": "41.892862",
    "btcToUsd": "110860",
    "ethToUsd": "3954.28",
    "updatedAt": "2025-10-24T13:48:59.817Z"
  },
  {
    "id": 70,
    "usdToUah": "41.892862",
    "btcToUsd": "110860",
    "ethToUsd": "3954.28",
    "updatedAt": "2025-10-24T13:49:29.817Z"
  },
  {
    "id": 71,
    "usdToUah": "41.892862",
    "btcToUsd": "110860",
    "ethToUsd": "3954.28",
    "updatedAt": "2025-10-24T13:49:59.817Z"
  },
  {
    "id": 72,
    "usdToUah": "41.892862",
    "btcToUsd": "110691",
    "ethToUsd": "3935.65",
    "updatedAt": "2025-10-24T13:50:29.926Z"
  },
  {
    "id": 73,
    "usdToUah": "41.892862",
    "btcToUsd": "110691",
    "ethToUsd": "3935.65",
    "updatedAt": "2025-10-24T13:50:59.817Z"
  },
  {
    "id": 74,
    "usdToUah": "41.892862",
    "btcToUsd": "110691",
    "ethToUsd": "3935.65",
    "updatedAt": "2025-10-24T13:51:29.817Z"
  },
  {
    "id": 75,
    "usdToUah": "41.892862",
    "btcToUsd": "110691",
    "ethToUsd": "3935.65",
    "updatedAt": "2025-10-24T13:51:59.817Z"
  }
]