[
  {
    "id": 1,
    "usdToUah": "40.5",
    "btcToUsd": "65000",
    "ethToUsd": "3500",
    "updatedAt": "2025-10-24T13:18:17.399Z"
  },
  {
    "id": 2,
    "usdToUah": "41.892862",
    "btcToUsd": "111268",
    "ethToUsd": "3969.58",
    "updatedAt": "2025-10-24T13:18:45.822Z"
  },
  {
    "id": 3,
    "usdToUah": "40.5",
    "btcToUsd": "65000",
    "ethToUsd": "3500",
    "updatedAt": "2025-10-24T13:18:48.246Z"
  },
  {
    "id": 4,
    "usdToUah": "41.892862",
    "btcToUsd": "111268",
    "ethToUsd": "3969.58",
    "updatedAt": "2025-10-24T13:19:14.888Z"
  },
  {
    "id": 5,
    "usdToUah": "41.892862",
    "btcToUsd": "111289",
    "ethToUsd": "3970.53",
    "updatedAt": "2025-10-24T13:19:50.219Z"
  }
]